No,Benchmark,InputData,ID,Kernel,DRAM Frequency,SM Frequency,Elapsed Cycles,Memory [%],SOL DRAM,Duration,SOL L1/TEX Cache,SOL L2 Cache,SM Active Cycles,SM [%],Block Size,Grid Size,Registers Per Thread,Shared Memory Configuration Size,Driver Shared Memory Per Block,Dynamic Shared Memory Per Block,Static Shared Memory Per Block,Threads,Waves Per SM,Block Limit SM,Block Limit Registers,Block Limit Shared Mem,Block Limit Warps,Theoretical Active Warps per SM,Theoretical Occupancy,Achieved Occupancy,Achieved Active Warps Per SM
1,stream,16,0,kernel_compute_cost,708333333.33,1059606481.48,6410,0.13,0.02,6048,7.08,0.13,42.38,0.01,512,1,32,0,0,0,0,512,0.0,32,4,32,4,64,100,7.25,4.64
2,stream,16,1,kernel_compute_cost,715673575.13,1070245034.54,6611,0.12,0.02,6176,6.74,0.12,44.52,0.01,512,1,32,0,0,0,0,512,0.0,32,4,32,4,64,100,6.98,4.46
3,stream,16,2,kernel_compute_cost,734210526.32,1094599780.7,6656,0.12,0.02,6080,7.11,0.12,42.19,0.01,512,1,32,0,0,0,0,512,0.0,32,4,32,4,64,100,7.26,4.65
4,stream,16,3,kernel_compute_cost,719736842.11,1076233552.63,6545,0.12,0.02,6080,6.73,0.12,44.56,0.01,512,1,32,0,0,0,0,512,0.0,32,4,32,4,64,100,6.95,4.45
5,stream,16,4,kernel_compute_cost,683080808.08,1019702230.64,6461,0.12,0.02,6336,7.07,0.12,42.44,0.01,512,1,32,0,0,0,0,512,0.0,32,4,32,4,64,100,7.23,4.63
6,stream,16,5,kernel_compute_cost,715968586.39,1071198734.73,6548,0.12,0.02,6112,6.6,0.12,45.49,0.01,512,1,32,0,0,0,0,512,0.0,32,4,32,4,64,100,6.84,4.38
7,stream,16,6,kernel_compute_cost,707070707.07,1061079545.45,6724,0.12,0.02,6336,6.07,0.12,49.4,0.01,512,1,32,0,0,0,0,512,0.0,32,4,32,4,64,100,6.44,4.12
8,stream,16,7,kernel_compute_cost,720899470.9,1077573853.62,6518,0.12,0.02,6048,7.1,0.12,42.26,0.01,512,1,32,0,0,0,0,512,0.0,32,4,32,4,64,100,7.25,4.64
9,stream,16,8,kernel_compute_cost,728947368.42,1089939692.98,6628,0.12,0.02,6080,7.07,0.12,42.45,0.01,512,1,32,0,0,0,0,512,0.0,32,4,32,4,64,100,7.23,4.63
10,stream,16,9,kernel_compute_cost,706829896.91,1059600515.46,6579,0.12,0.02,6208,6.74,0.12,44.51,0.01,512,1,32,0,0,0,0,512,0.0,32,4,32,4,64,100,6.97,4.46
11,stream,16,10,kernel_compute_cost,721393034.83,1079420605.31,6944,0.12,0.02,6432,6.37,0.12,47.12,0.01,512,1,32,0,0,0,0,512,0.0,32,4,32,4,64,100,6.67,4.27
12,stream,16,11,kernel_compute_cost,679687500.0,1018337673.61,6258,0.13,0.02,6144,7.26,0.13,41.31,0.01,512,1,32,0,0,0,0,512,0.0,32,4,32,4,64,100,7.38,4.72
13,stream,16,12,kernel_compute_cost,735602094.24,1097594895.29,6709,0.12,0.02,6112,6.74,0.12,44.51,0.01,512,1,32,0,0,0,0,512,0.0,32,4,32,4,64,100,6.97,4.46
14,stream,16,13,kernel_compute_cost,704301075.27,1055163530.47,6281,0.13,0.02,5952,7.29,0.13,41.12,0.01,512,1,32,0,0,0,0,512,0.0,32,4,32,4,64,100,7.41,4.74
15,stream,16,14,kernel_compute_cost,710937500.0,1066053602.43,6550,0.12,0.02,6144,6.3,0.12,47.65,0.01,512,1,32,0,0,0,0,512,0.0,32,4,32,4,64,100,6.8,4.35
16,stream,16,15,kernel_compute_cost,718274111.68,1073181049.07,6767,0.12,0.02,6304,6.41,0.12,46.83,0.01,512,1,32,0,0,0,0,512,0.0,32,4,32,4,64,100,6.69,4.28
17,stream,16,16,kernel_compute_cost,720744680.85,1078208111.7,6489,0.13,0.02,6016,6.53,0.13,45.91,0.01,512,1,32,0,0,0,0,512,0.0,32,4,32,4,64,100,7.32,4.68
18,stream,16,17,kernel_compute_cost,692708333.33,1034342447.92,6358,0.13,0.02,6144,7.09,0.13,42.3,0.01,512,1,32,0,0,0,0,512,0.0,32,4,32,4,64,100,7.24,4.63
19,stream,16,18,kernel_compute_cost,730158730.16,1092702821.87,6610,0.12,0.02,6048,6.7,0.12,44.77,0.01,512,1,32,0,0,0,0,512,0.0,32,4,32,4,64,100,6.93,4.44
20,stream,16,19,kernel_compute_cost,743523316.06,1112208549.22,6870,0.12,0.02,6176,6.11,0.12,49.08,0.01,512,1,32,0,0,0,0,512,0.0,32,4,32,4,64,100,6.46,4.13
21,stream,16,20,kernel_compute_cost,724206349.21,1081486992.95,6542,0.12,0.02,6048,7.3,0.12,41.11,0.01,512,1,32,0,0,0,0,512,0.0,32,4,32,4,64,100,7.41,4.74
22,stream,16,21,kernel_compute_cost,703608247.42,1050257731.96,6521,0.12,0.02,6208,6.49,0.12,46.25,0.01,512,1,32,0,0,0,0,512,0.0,32,4,32,4,64,100,6.76,4.32
23,stream,16,22,kernel_compute_cost,706317204.3,1057123655.91,6294,0.13,0.02,5952,7.29,0.13,41.14,0.01,512,1,32,0,0,0,0,512,0.0,32,4,32,4,64,100,7.41,4.74
24,stream,16,23,kernel_compute_cost,730769230.77,1090758547.01,6809,0.12,0.02,6240,6.31,0.12,47.52,0.01,512,1,32,0,0,0,0,512,0.0,32,4,32,4,64,100,6.61,4.23
25,stream,16,24,kernel_compute_cost,737244897.96,1100977891.16,6907,0.12,0.02,6272,6.4,0.12,46.89,0.01,512,1,32,0,0,0,0,512,0.0,32,4,32,4,64,100,6.7,4.29
26,stream,16,25,kernel_compute_cost,697368421.05,1042817982.46,6344,0.13,0.02,6080,7.11,0.13,42.2,0.01,512,1,32,0,0,0,0,512,0.0,32,4,32,4,64,100,7.25,4.64
27,stream,16,26,kernel_compute_cost,704365079.37,1052717151.68,6368,0.13,0.02,6048,7.1,0.13,42.25,0.01,512,1,32,0,0,0,0,512,0.0,32,4,32,4,64,100,7.25,4.64
28,stream,16,27,kernel_compute_cost,707253886.01,1056805915.37,6528,0.12,0.02,6176,6.34,0.12,47.3,0.01,512,1,32,0,0,0,0,512,0.0,32,4,32,4,64,100,7.97,5.1
29,stream,16,28,kernel_compute_cost,706658291.46,1057605737.02,6736,0.12,0.02,6368,6.23,0.12,48.15,0.01,512,1,32,0,0,0,0,512,0.0,32,4,32,4,64,100,6.56,4.2
30,stream,16,29,kernel_compute_cost,695767195.77,1038855820.11,6285,0.13,0.02,6048,7.3,0.13,41.1,0.01,512,1,32,0,0,0,0,512,0.0,32,4,32,4,64,100,7.41,4.74
31,stream,16,30,kernel_compute_cost,717277486.91,1071853184.99,6553,0.12,0.02,6112,6.73,0.12,44.56,0.01,512,1,32,0,0,0,0,512,0.0,32,4,32,4,64,100,6.95,4.45
32,stream,16,31,kernel_compute_cost,717741935.48,1071208557.35,6377,0.13,0.02,5952,7.29,0.13,41.15,0.01,512,1,32,0,0,0,0,512,0.0,32,4,32,4,64,100,7.41,4.74
33,stream,16,32,kernel_compute_cost,709844559.59,1061609455.96,6557,0.12,0.02,6176,6.71,0.12,44.71,0.01,512,1,32,0,0,0,0,512,0.0,32,4,32,4,64,100,6.97,4.46
34,stream,16,33,kernel_compute_cost,725888324.87,1087246192.89,6856,0.12,0.02,6304,6.09,0.12,49.23,0.01,512,1,32,0,0,0,0,512,0.0,32,4,32,4,64,100,6.45,4.13
35,stream,16,34,kernel_compute_cost,712765957.45,1064633200.35,6406,0.13,0.02,6016,7.08,0.13,42.36,0.01,512,1,32,0,0,0,0,512,0.0,32,4,32,4,64,100,7.25,4.64
36,stream,16,35,kernel_compute_cost,718085106.38,1076102615.25,6475,0.13,0.02,6016,7.08,0.13,42.36,0.01,512,1,32,0,0,0,0,512,0.0,32,4,32,4,64,100,7.24,4.63
37,stream,16,36,kernel_compute_cost,732984293.19,1097267670.16,6708,0.12,0.02,6112,6.35,0.12,47.23,0.01,512,1,32,0,0,0,0,512,0.0,32,4,32,4,64,100,6.66,4.26
38,stream,16,37,kernel_compute_cost,731958762.89,1090501503.44,6773,0.12,0.02,6208,6.41,0.12,46.84,0.01,512,1,32,0,0,0,0,512,0.0,32,4,32,4,64,100,6.69,4.28
39,stream,16,38,kernel_compute_cost,694148936.17,1039007092.2,6253,0.13,0.02,6016,6.93,0.13,43.3,0.01,512,1,32,0,0,0,0,512,0.0,32,4,32,4,64,100,7.11,4.55
40,stream,16,39,kernel_compute_cost,706185567.01,1055546606.53,6554,0.12,0.02,6208,6.73,0.12,44.6,0.01,512,1,32,0,0,0,0,512,0.0,32,4,32,4,64,100,6.96,4.46
41,stream,16,40,kernel_compute_cost,694148936.17,1041389627.66,6266,0.13,0.02,6016,7.22,0.13,41.58,0.01,512,1,32,0,0,0,0,512,0.0,32,4,32,4,64,100,7.45,4.77
42,stream,16,41,kernel_compute_cost,737433862.43,1102733686.07,6670,0.12,0.02,6048,6.42,0.12,46.71,0.01,512,1,32,0,0,0,0,512,0.0,32,4,32,4,64,100,6.7,4.29
43,stream,16,42,kernel_compute_cost,737113402.06,1104730455.33,6860,0.12,0.02,6208,6.39,0.12,46.92,0.01,512,1,32,0,0,0,0,512,0.0,32,4,32,4,64,100,6.69,4.28
44,stream,16,43,kernel_compute_cost,727513227.51,1089781746.03,6592,0.12,0.02,6048,7.07,0.12,42.41,0.01,512,1,32,0,0,0,0,512,0.0,32,4,32,4,64,100,7.24,4.63
45,stream,16,44,kernel_compute_cost,721052631.58,1076836622.81,6549,0.12,0.02,6080,7.07,0.12,42.45,0.01,512,1,32,0,0,0,0,512,0.0,32,4,32,4,64,100,7.23,4.63
46,stream,16,45,kernel_compute_cost,735602094.24,1098385689.35,6716,0.12,0.02,6112,6.72,0.12,44.64,0.01,512,1,32,0,0,0,0,512,0.0,32,4,32,4,64,100,6.94,4.44
47,stream,16,46,kernel_compute_cost,714646464.65,1069470749.16,6777,0.12,0.02,6336,6.3,0.12,47.65,0.01,512,1,32,0,0,0,0,512,0.0,32,4,32,4,64,100,6.61,4.23
48,stream,16,47,kernel_compute_cost,702127659.57,1051556959.22,6328,0.13,0.02,6016,7.3,0.13,41.11,0.01,512,1,32,0,0,0,0,512,0.0,32,4,32,4,64,100,7.4,4.74
49,stream,16,48,kernel_compute_cost,719072164.95,1074393256.01,6673,0.12,0.02,6208,6.73,0.12,44.55,0.01,512,1,32,0,0,0,0,512,0.0,32,4,32,4,64,100,6.95,4.45
50,stream,16,49,kernel_compute_cost,706989247.31,1054799507.17,6282,0.13,0.02,5952,7.05,0.13,42.52,0.01,512,1,32,0,0,0,0,512,0.0,32,4,32,4,64,100,7.25,4.64
51,stream,16,50,kernel_compute_cost,739583333.33,1104166666.67,6785,0.12,0.02,6144,6.73,0.12,44.56,0.01,512,1,32,0,0,0,0,512,0.0,32,4,32,4,64,100,6.96,4.45
52,stream,16,51,kernel_compute_cost,724226804.12,1082662156.36,6724,0.12,0.02,6208,6.41,0.12,46.84,0.01,512,1,32,0,0,0,0,512,0.0,32,4,32,4,64,100,6.69,4.28
53,stream,16,52,kernel_compute_cost,701058201.06,1049437830.69,6349,0.13,0.02,6048,7.08,0.13,42.35,0.01,512,1,32,0,0,0,0,512,0.0,32,4,32,4,64,100,7.25,4.64
54,stream,16,53,kernel_compute_cost,719576719.58,1076416446.21,6513,0.12,0.02,6048,6.7,0.12,44.8,0.01,512,1,32,0,0,0,0,512,0.0,32,4,32,4,64,100,6.93,4.44
55,stream,16,54,kernel_compute_cost,751322751.32,1120645943.56,6779,0.12,0.02,6048,6.53,0.12,45.92,0.01,512,1,32,0,0,0,0,512,0.0,32,4,32,4,64,100,6.79,4.35
56,stream,16,55,kernel_compute_cost,720512820.51,1077510683.76,6725,0.12,0.02,6240,6.4,0.12,46.9,0.01,512,1,32,0,0,0,0,512,0.0,32,4,32,4,64,100,6.68,4.28
57,stream,16,56,kernel_compute_cost,703208556.15,1049131016.04,6280,0.13,0.02,5984,7.29,0.13,41.12,0.01,512,1,32,0,0,0,0,512,0.0,32,4,32,4,64,100,7.41,4.74
58,stream,16,57,kernel_compute_cost,724867724.87,1084435626.1,6562,0.12,0.02,6048,6.73,0.12,44.58,0.01,512,1,32,0,0,0,0,512,0.0,32,4,32,4,64,100,6.96,4.45
59,stream,16,58,kernel_compute_cost,704787234.04,1056626773.05,6358,0.13,0.02,6016,6.93,0.13,43.31,0.01,512,1,32,0,0,0,0,512,0.0,32,4,32,4,64,100,7.12,4.56
60,stream,16,59,kernel_compute_cost,706185567.01,1056298324.74,6559,0.12,0.02,6208,6.72,0.12,44.61,0.01,512,1,32,0,0,0,0,512,0.0,32,4,32,4,64,100,6.95,4.45
61,stream,16,60,kernel_compute_cost,720512820.51,1077537393.16,6725,0.12,0.02,6240,6.4,0.12,46.89,0.01,512,1,32,0,0,0,0,512,0.0,32,4,32,4,64,100,6.69,4.28
62,stream,16,61,kernel_compute_cost,703703703.7,1050677910.05,6356,0.13,0.02,6048,6.77,0.13,44.34,0.01,512,1,32,0,0,0,0,512,0.0,32,4,32,4,64,100,7.03,4.5
63,stream,16,62,kernel_compute_cost,724867724.87,1084463183.42,6560,0.12,0.02,6048,6.76,0.12,44.4,0.01,512,1,32,0,0,0,0,512,0.0,32,4,32,4,64,100,6.99,4.47
64,stream,16,63,kernel_compute_cost,727513227.51,1088348765.43,6584,0.12,0.02,6048,6.36,0.12,47.16,0.01,512,1,32,0,0,0,0,512,0.0,32,4,32,4,64,100,6.66,4.26
65,stream,16,64,kernel_compute_cost,744845360.82,1113321520.62,6913,0.12,0.02,6208,5.79,0.12,51.81,0.01,512,1,32,0,0,0,0,512,0.0,32,4,32,4,64,100,7.25,4.64
66,stream,16,65,kernel_compute_cost,716577540.11,1071579768.27,6414,0.12,0.02,5984,7.09,0.12,42.34,0.01,512,1,32,0,0,0,0,512,0.0,32,4,32,4,64,100,7.25,4.64
67,stream,16,66,kernel_compute_cost,746693121.69,1118110670.19,6763,0.12,0.02,6048,6.43,0.12,46.69,0.01,512,1,32,0,0,0,0,512,0.0,32,4,32,4,64,100,6.72,4.3
68,stream,16,67,kernel_compute_cost,730769230.77,1092841880.34,6821,0.12,0.02,6240,6.4,0.12,46.85,0.01,512,1,32,0,0,0,0,512,0.0,32,4,32,4,64,100,6.69,4.28
69,stream,16,68,kernel_compute_cost,726562500.0,1089762369.79,6698,0.12,0.02,6144,6.69,0.12,44.85,0.01,512,1,32,0,0,0,0,512,0.0,32,4,32,4,64,100,6.93,4.44
70,stream,16,69,kernel_compute_cost,701058201.06,1050264550.26,6353,0.13,0.02,6048,7.1,0.13,42.25,0.01,512,1,32,0,0,0,0,512,0.0,32,4,32,4,64,100,7.25,4.64
71,stream,16,70,kernel_compute_cost,723684210.53,1083662280.7,6589,0.12,0.02,6080,6.54,0.12,45.86,0.01,512,1,32,0,0,0,0,512,0.0,32,4,32,4,64,100,6.81,4.36
72,stream,16,71,kernel_compute_cost,708556149.73,1061218805.7,6351,0.13,0.02,5984,7.27,0.13,41.29,0.01,512,1,32,0,0,0,0,512,0.0,32,4,32,4,64,100,7.37,4.72
73,stream,16,72,kernel_compute_cost,701058201.06,1050788139.33,6356,0.13,0.02,6048,7.1,0.13,42.26,0.01,512,1,32,0,0,0,0,512,0.0,32,4,32,4,64,100,7.25,4.64
74,stream,16,73,kernel_compute_cost,725888324.87,1085342639.59,6843,0.12,0.02,6304,6.14,0.12,48.85,0.01,512,1,32,0,0,0,0,512,0.0,32,4,32,4,64,100,6.49,4.15
75,stream,16,74,kernel_compute_cost,694148936.17,1041722074.47,6268,0.13,0.02,6016,6.9,0.13,43.5,0.01,512,1,32,0,0,0,0,512,0.0,32,4,32,4,64,100,7.09,4.54
76,stream,16,75,kernel_compute_cost,707253886.01,1058883851.47,6541,0.12,0.02,6176,6.32,0.12,47.44,0.01,512,1,32,0,0,0,0,512,0.0,32,4,32,4,64,100,8.03,5.14
77,stream,16,76,kernel_compute_cost,724226804.12,1084111898.63,6732,0.12,0.02,6208,6.4,0.12,46.85,0.01,512,1,32,0,0,0,0,512,0.0,32,4,32,4,64,100,6.69,4.28
78,stream,16,77,kernel_compute_cost,743386243.39,1115354938.27,6748,0.12,0.02,6048,6.37,0.12,47.06,0.01,512,1,32,0,0,0,0,512,0.0,32,4,32,4,64,100,7.87,5.04
79,stream,16,78,kernel_compute_cost,681122448.98,1016183035.71,6376,0.13,0.02,6272,6.86,0.13,43.7,0.01,512,1,32,0,0,0,0,512,0.0,32,4,32,4,64,100,7.05,4.51
80,stream,16,79,kernel_compute_cost,733638743.46,1097758507.85,6711,0.12,0.02,6112,6.54,0.12,45.89,0.01,512,1,32,0,0,0,0,512,0.0,32,4,32,4,64,100,6.83,4.37
81,stream,16,80,kernel_compute_cost,703703703.7,1048748897.71,6345,0.13,0.02,6048,7.27,0.13,41.26,0.01,512,1,32,0,0,0,0,512,0.0,32,4,32,4,64,100,7.38,4.73
82,stream,16,81,kernel_compute_cost,716269841.27,1071979717.81,6484,0.13,0.02,6048,6.76,0.13,44.38,0.01,512,1,32,0,0,0,0,512,0.0,32,4,32,4,64,100,6.98,4.47
83,stream,16,82,kernel_compute_cost,724226804.12,1083118556.7,6725,0.12,0.02,6208,6.1,0.12,49.17,0.01,512,1,32,0,0,0,0,512,0.0,32,4,32,4,64,100,6.45,4.13
84,stream,16,83,kernel_compute_cost,687500000.0,1026918859.65,6246,0.13,0.02,6080,7.15,0.13,41.98,0.01,512,1,32,0,0,0,0,512,0.0,32,4,32,4,64,100,7.33,4.69
85,stream,16,84,kernel_compute_cost,746031746.03,1115961199.29,6750,0.12,0.02,6048,6.72,0.12,44.65,0.01,512,1,32,0,0,0,0,512,0.0,32,4,32,4,64,100,6.95,4.45
86,stream,16,85,kernel_compute_cost,745489690.72,1115308204.47,6927,0.12,0.02,6208,6.17,0.12,48.62,0.01,512,1,32,0,0,0,0,512,0.0,32,4,32,4,64,100,6.55,4.19
87,stream,16,86,kernel_compute_cost,721052631.58,1078070175.44,6556,0.12,0.02,6080,6.53,0.12,45.96,0.01,512,1,32,0,0,0,0,512,0.0,32,4,32,4,64,100,6.83,4.37
88,stream,16,87,kernel_compute_cost,703703703.7,1050595238.1,6356,0.13,0.02,6048,6.98,0.13,42.96,0.01,512,1,32,0,0,0,0,512,0.0,32,4,32,4,64,100,7.15,4.58
89,stream,16,88,kernel_compute_cost,722222222.22,1078455687.83,6524,0.12,0.02,6048,6.13,0.12,48.98,0.01,512,1,32,0,0,0,0,512,0.0,32,4,32,4,64,100,7.29,4.67
90,stream,16,89,kernel_compute_cost,722222222.22,1079006834.22,6528,0.12,0.02,6048,7.3,0.12,41.09,0.01,512,1,32,0,0,0,0,512,0.0,32,4,32,4,64,100,7.41,4.74
91,stream,16,90,kernel_compute_cost,699342105.26,1044736842.11,6354,0.13,0.02,6080,6.99,0.13,42.94,0.01,512,1,32,0,0,0,0,512,0.0,32,4,32,4,64,100,7.16,4.58
92,stream,16,91,kernel_compute_cost,752551020.41,1126062925.17,7065,0.11,0.02,6272,6.14,0.11,48.83,0.01,512,1,32,0,0,0,0,512,0.0,32,4,32,4,64,100,6.48,4.15
93,stream,16,92,kernel_compute_cost,688481675.39,1030513743.46,6300,0.13,0.02,6112,7.3,0.13,41.09,0.01,512,1,32,0,0,0,0,512,0.0,32,4,32,4,64,100,7.41,4.74
94,stream,16,93,kernel_compute_cost,718421052.63,1074205043.86,6532,0.12,0.02,6080,6.55,0.12,45.77,0.01,512,1,32,0,0,0,0,512,0.0,32,4,32,4,64,100,6.82,4.36
95,stream,16,94,kernel_compute_cost,702500000.0,1050052083.33,6722,0.12,0.02,6400,6.02,0.12,49.86,0.01,512,1,32,0,0,0,0,512,0.0,32,4,32,4,64,100,6.56,4.2
96,stream,16,95,kernel_compute_cost,740932642.49,1104031735.75,6820,0.12,0.02,6176,6.56,0.12,45.73,0.01,512,1,32,0,0,0,0,512,0.0,32,4,32,4,64,100,6.82,4.37
97,stream,16,96,kernel_compute_cost,694736842.11,1041529605.26,6334,0.13,0.02,6080,6.73,0.13,44.55,0.01,512,1,32,0,0,0,0,512,0.0,32,4,32,4,64,100,6.96,4.45
98,stream,16,97,kernel_compute_cost,715789473.68,1074232456.14,6534,0.12,0.02,6080,6.74,0.12,44.54,0.01,512,1,32,0,0,0,0,512,0.0,32,4,32,4,64,100,6.96,4.45
99,stream,16,98,kernel_compute_cost,700534759.36,1046095142.6,6262,0.13,0.02,5984,6.95,0.13,43.16,0.01,512,1,32,0,0,0,0,512,0.0,32,4,32,4,64,100,7.16,4.58
100,stream,16,99,kernel_compute_cost,707446808.51,1059729609.93,6378,0.13,0.02,6016,7.1,0.13,42.25,0.01,512,1,32,0,0,0,0,512,0.0,32,4,32,4,64,100,7.25,4.64
101,stream,16384,0,kernel_compute_cost,859967051.07,1281601798.46,24929,52.88,52.88,19424,45.07,19.33,7949.26,7.55,512,32,32,0,0,0,0,16384,0.1,32,4,32,4,64,100,24.71,15.81
102,stream,16384,1,kernel_compute_cost,818053311.79,1218211497.04,24168,54.51,54.51,19808,45.74,19.92,7833.66,7.78,512,32,32,0,0,0,0,16384,0.1,32,4,32,4,64,100,24.75,15.84
103,stream,16384,2,kernel_compute_cost,814754098.36,1213183060.11,23718,55.54,55.54,19520,45.21,20.41,7924.76,7.93,512,32,32,0,0,0,0,16384,0.1,32,4,32,4,64,100,24.58,15.73
104,stream,16384,3,kernel_compute_cost,840130505.71,1250858143.01,24580,53.6,53.6,19616,44.61,19.63,8032.23,7.65,512,32,32,0,0,0,0,16384,0.1,32,4,32,4,64,100,24.77,15.85
105,stream,16384,4,kernel_compute_cost,833333333.33,1241832580.73,24242,54.39,54.39,19488,45.28,19.94,7913.35,7.76,512,32,32,0,0,0,0,16384,0.1,32,4,32,4,64,100,24.58,15.73
106,stream,16384,5,kernel_compute_cost,789223454.83,1175449022.72,23771,55.43,55.43,20192,45.64,20.3,7849.7,7.91,512,32,32,0,0,0,0,16384,0.1,32,4,32,4,64,100,24.69,15.8
107,stream,16384,6,kernel_compute_cost,851973684.21,1268820243.97,24723,53.29,53.29,19456,45.81,19.5,7820.46,7.61,512,32,32,0,0,0,0,16384,0.1,32,4,32,4,64,100,24.75,15.84
108,stream,16384,7,kernel_compute_cost,869601328.9,1296234772.98,25002,52.73,52.73,19264,45.77,19.26,7828.12,7.52,512,32,32,0,0,0,0,16384,0.1,32,4,32,4,64,100,24.78,15.86
109,stream,16384,8,kernel_compute_cost,829804560.26,1235884907.71,24323,54.18,54.18,19648,44.99,19.85,7963.43,7.74,512,32,32,0,0,0,0,16384,0.1,32,4,32,4,64,100,24.76,15.84
110,stream,16384,9,kernel_compute_cost,838259441.71,1249871715.93,24392,54.08,54.08,19488,45.53,19.73,7868.4,7.71,512,32,32,0,0,0,0,16384,0.1,32,4,32,4,64,100,24.81,15.88
111,stream,16384,10,kernel_compute_cost,802439024.39,1195113482.38,23557,55.93,55.93,19680,45.04,20.48,7955.24,7.99,512,32,32,0,0,0,0,16384,0.1,32,4,32,4,64,100,24.77,15.85
112,stream,16384,11,kernel_compute_cost,799363057.32,1191132563.69,23972,54.99,54.99,20096,45.1,20.13,7944.71,7.85,512,32,32,0,0,0,0,16384,0.1,32,4,32,4,64,100,24.71,15.81
113,stream,16384,12,kernel_compute_cost,860460420.03,1282343834.14,25438,51.83,51.83,19808,45.38,18.92,7895.39,7.39,512,32,32,0,0,0,0,16384,0.1,32,4,32,4,64,100,24.73,15.82
114,stream,16384,13,kernel_compute_cost,823966942.15,1227367424.24,23802,55.37,55.37,19360,44.84,20.28,7989.77,7.9,512,32,32,0,0,0,0,16384,0.1,32,4,32,4,64,100,24.71,15.82
115,stream,16384,14,kernel_compute_cost,837809917.36,1248476239.67,24211,54.46,54.46,19360,45.58,19.87,7860.68,7.77,512,32,32,0,0,0,0,16384,0.1,32,4,32,4,64,100,24.72,15.82
116,stream,16384,15,kernel_compute_cost,815875613.75,1215757978.72,23805,55.37,55.37,19552,44.93,20.18,7974.62,7.9,512,32,32,0,0,0,0,16384,0.1,32,4,32,4,64,100,24.63,15.76
117,stream,16384,16,kernel_compute_cost,821197411.0,1223764495.69,24236,54.39,54.39,19776,44.71,19.96,8012.86,7.76,512,32,32,0,0,0,0,16384,0.1,32,4,32,4,64,100,24.54,15.71
118,stream,16384,17,kernel_compute_cost,818930868.17,1219218917.47,24303,54.19,54.19,19904,44.43,19.91,8063.77,7.74,512,32,32,0,0,0,0,16384,0.1,32,4,32,4,64,100,24.64,15.77
119,stream,16384,18,kernel_compute_cost,808319738.99,1203974646.55,23656,55.71,55.71,19616,45.22,20.45,7922.89,7.95,512,32,32,0,0,0,0,16384,0.1,32,4,32,4,64,100,24.58,15.73
120,stream,16384,19,kernel_compute_cost,846345514.95,1262155661.68,24349,54.18,54.18,19264,45.02,19.77,7958.16,7.73,512,32,32,0,0,0,0,16384,0.1,32,4,32,4,64,100,24.76,15.85
121,stream,16384,20,kernel_compute_cost,860426929.39,1282310481.66,25031,52.68,52.68,19488,45.42,19.3,7888.98,7.52,512,32,32,0,0,0,0,16384,0.1,32,4,32,4,64,100,24.74,15.83
122,stream,16384,21,kernel_compute_cost,831674958.54,1239021904.37,23941,55.04,55.04,19296,45.46,20.12,7881.38,7.86,512,32,32,0,0,0,0,16384,0.1,32,4,32,4,64,100,24.7,15.81
123,stream,16384,22,kernel_compute_cost,811274509.8,1208316312.64,23698,55.6,55.6,19584,46.0,20.43,7788.85,7.94,512,32,32,0,0,0,0,16384,0.1,32,4,32,4,64,100,24.66,15.78
124,stream,16384,23,kernel_compute_cost,846767594.11,1261533346.97,24699,53.35,53.35,19552,45.51,19.47,7871.73,7.61,512,32,32,0,0,0,0,16384,0.1,32,4,32,4,64,100,24.7,15.81
125,stream,16384,24,kernel_compute_cost,832236842.11,1239377741.23,24154,54.55,54.55,19456,44.24,19.99,8098.93,7.79,512,32,32,0,0,0,0,16384,0.1,32,4,32,4,64,100,24.72,15.82
126,stream,16384,25,kernel_compute_cost,793130990.42,1181684305.11,23707,55.6,55.6,20032,44.73,20.38,8009.14,7.93,512,32,32,0,0,0,0,16384,0.1,32,4,32,4,64,100,24.73,15.83
127,stream,16384,26,kernel_compute_cost,810400000.0,1208233333.33,24201,54.5,54.5,20000,45.19,19.95,7928.68,7.77,512,32,32,0,0,0,0,16384,0.1,32,4,32,4,64,100,24.74,15.84
128,stream,16384,27,kernel_compute_cost,816639741.52,1216528675.28,24137,54.61,54.61,19808,44.73,19.99,8010.0,7.79,512,32,32,0,0,0,0,16384,0.1,32,4,32,4,64,100,24.76,15.85
129,stream,16384,28,kernel_compute_cost,825657894.74,1230305989.58,23973,54.99,54.99,19456,45.06,20.08,7952.04,7.85,512,32,32,0,0,0,0,16384,0.1,32,4,32,4,64,100,24.72,15.82
130,stream,16384,29,kernel_compute_cost,810207336.52,1207652179.69,24267,54.34,54.34,20064,45.16,19.91,7932.98,7.75,512,32,32,0,0,0,0,16384,0.1,32,4,32,4,64,100,24.66,15.79
131,stream,16384,30,kernel_compute_cost,837500000.0,1247977430.56,24000,54.93,54.93,19200,44.99,20.09,7964.27,7.84,512,32,32,0,0,0,0,16384,0.1,32,4,32,4,64,100,24.75,15.84
132,stream,16384,31,kernel_compute_cost,823763955.34,1227887426.9,24669,53.44,53.44,20064,45.42,19.58,7888.93,7.62,512,32,32,0,0,0,0,16384,0.1,32,4,32,4,64,100,24.7,15.81
133,stream,16384,32,kernel_compute_cost,791006339.14,1179254160.06,23845,55.3,55.3,20192,45.91,20.13,7804.2,7.89,512,32,32,0,0,0,0,16384,0.1,32,4,32,4,64,100,24.68,15.79
134,stream,16384,33,kernel_compute_cost,839314845.02,1251291462.75,24580,53.65,53.65,19616,45.59,19.59,7858.6,7.65,512,32,32,0,0,0,0,16384,0.1,32,4,32,4,64,100,24.71,15.81
135,stream,16384,34,kernel_compute_cost,824193548.39,1227889784.95,24397,54.02,54.02,19840,46.36,19.84,7728.57,7.71,512,32,32,0,0,0,0,16384,0.1,32,4,32,4,64,100,24.6,15.75
136,stream,16384,35,kernel_compute_cost,823409461.66,1227068039.7,24105,54.69,54.69,19616,44.5,20.04,8050.5,7.8,512,32,32,0,0,0,0,16384,0.1,32,4,32,4,64,100,24.73,15.83
137,stream,16384,36,kernel_compute_cost,819738988.58,1221579323.0,23989,54.93,54.93,19616,45.93,20.18,7801.15,7.84,512,32,32,0,0,0,0,16384,0.1,32,4,32,4,64,100,24.56,15.72
138,stream,16384,37,kernel_compute_cost,821428571.43,1224220441.02,24164,54.55,54.55,19712,45.67,19.97,7845.48,7.78,512,32,32,0,0,0,0,16384,0.1,32,4,32,4,64,100,24.72,15.82
139,stream,16384,38,kernel_compute_cost,842975206.61,1256120867.77,24354,54.13,54.13,19360,45.07,19.78,7949.36,7.72,512,32,32,0,0,0,0,16384,0.1,32,4,32,4,64,100,24.72,15.82
140,stream,16384,39,kernel_compute_cost,807060755.34,1202167145.59,23463,56.16,56.16,19488,45.55,20.63,7865.18,8.02,512,32,32,0,0,0,0,16384,0.1,32,4,32,4,64,100,24.53,15.7
141,stream,16384,40,kernel_compute_cost,858075040.78,1279108890.7,25128,52.48,52.48,19616,44.95,19.21,7970.21,7.49,512,32,32,0,0,0,0,16384,0.1,32,4,32,4,64,100,24.72,15.82
142,stream,16384,41,kernel_compute_cost,800632911.39,1194249406.65,24186,54.55,54.55,20224,44.68,19.88,8018.43,7.78,512,32,32,0,0,0,0,16384,0.1,32,4,32,4,64,100,24.62,15.76
143,stream,16384,42,kernel_compute_cost,848287112.56,1263585848.29,24824,53.08,53.08,19616,44.75,19.48,8006.51,7.58,512,32,32,0,0,0,0,16384,0.1,32,4,32,4,64,100,24.73,15.83
144,stream,16384,43,kernel_compute_cost,815573770.49,1215129781.42,23753,55.49,55.49,19520,45.09,20.35,7946.31,7.92,512,32,32,0,0,0,0,16384,0.1,32,4,32,4,64,100,24.67,15.79
145,stream,16384,44,kernel_compute_cost,819354838.71,1220043682.8,24247,54.34,54.34,19840,45.83,19.91,7817.91,7.76,512,32,32,0,0,0,0,16384,0.1,32,4,32,4,64,100,24.77,15.85
146,stream,16384,45,kernel_compute_cost,817292006.53,1217390565.52,23919,55.1,55.1,19616,45.68,20.09,7843.06,7.86,512,32,32,0,0,0,0,16384,0.1,32,4,32,4,64,100,24.74,15.83
147,stream,16384,46,kernel_compute_cost,829489291.6,1235559102.14,24038,54.82,54.82,19424,45.41,20.06,7889.48,7.83,512,32,32,0,0,0,0,16384,0.1,32,4,32,4,64,100,24.77,15.85
148,stream,16384,47,kernel_compute_cost,826051779.94,1230624662.89,24373,54.07,54.07,19776,45.62,19.77,7854.26,7.72,512,32,32,0,0,0,0,16384,0.1,32,4,32,4,64,100,24.8,15.87
149,stream,16384,48,kernel_compute_cost,778391167.19,1159256703.47,23559,55.93,55.93,20288,44.51,20.39,8050.19,7.99,512,32,32,0,0,0,0,16384,0.1,32,4,32,4,64,100,24.72,15.82
150,stream,16384,49,kernel_compute_cost,832729468.6,1241386540.53,24703,53.38,53.38,19872,44.3,19.6,8086.95,7.61,512,32,32,0,0,0,0,16384,0.1,32,4,32,4,64,100,24.54,15.7
151,stream,16384,50,kernel_compute_cost,801634768.74,1195540935.67,24020,54.92,54.92,20064,44.75,20.14,8006.12,7.83,512,32,32,0,0,0,0,16384,0.1,32,4,32,4,64,100,24.51,15.69
152,stream,16384,51,kernel_compute_cost,826366559.49,1231042336.55,24532,53.7,53.7,19904,45.64,19.62,7850.01,7.67,512,32,32,0,0,0,0,16384,0.1,32,4,32,4,64,100,24.73,15.83
153,stream,16384,52,kernel_compute_cost,828478964.4,1233009708.74,24421,53.91,53.91,19776,44.78,19.75,8001.15,7.7,512,32,32,0,0,0,0,16384,0.1,32,4,32,4,64,100,24.74,15.83
154,stream,16384,53,kernel_compute_cost,817886178.86,1218750000.0,24024,54.88,54.88,19680,45.09,20.11,7945.04,7.83,512,32,32,0,0,0,0,16384,0.1,32,4,32,4,64,100,24.71,15.81
155,stream,16384,54,kernel_compute_cost,831414473.68,1239172149.12,24144,54.61,54.61,19456,45.35,19.98,7901.05,7.79,512,32,32,0,0,0,0,16384,0.1,32,4,32,4,64,100,24.73,15.83
156,stream,16384,55,kernel_compute_cost,816993464.05,1217167075.16,23881,55.21,55.21,19584,45.54,20.2,7866.81,7.88,512,32,32,0,0,0,0,16384,0.1,32,4,32,4,64,100,24.74,15.83
157,stream,16384,56,kernel_compute_cost,819805194.81,1221075148.81,24108,54.66,54.66,19712,44.94,20.0,7971.64,7.8,512,32,32,0,0,0,0,16384,0.1,32,4,32,4,64,100,24.67,15.79
158,stream,16384,57,kernel_compute_cost,789223454.83,1174417260.96,23752,55.43,55.43,20192,45.82,20.32,7818.49,7.92,512,32,32,0,0,0,0,16384,0.1,32,4,32,4,64,100,24.75,15.84
159,stream,16384,58,kernel_compute_cost,836585365.85,1245867208.67,24556,53.65,53.65,19680,45.76,19.63,7829.16,7.66,512,32,32,0,0,0,0,16384,0.1,32,4,32,4,64,100,24.78,15.86
160,stream,16384,59,kernel_compute_cost,811993517.02,1208890464.61,23910,55.1,55.1,19744,45.14,20.16,7936.49,7.87,512,32,32,0,0,0,0,16384,0.1,32,4,32,4,64,100,24.69,15.8
161,stream,16384,60,kernel_compute_cost,822985197.37,1225937157.35,23890,55.17,55.17,19456,45.18,20.27,7930.39,7.87,512,32,32,0,0,0,0,16384,0.1,32,4,32,4,64,100,24.56,15.72
162,stream,16384,61,kernel_compute_cost,814039408.87,1211968048.71,23660,55.68,55.68,19488,44.25,20.37,8097.6,7.95,512,32,32,0,0,0,0,16384,0.1,32,4,32,4,64,100,24.79,15.86
163,stream,16384,62,kernel_compute_cost,829111295.68,1235430509.41,23832,55.3,55.3,19264,44.72,20.25,8012.36,7.89,512,32,32,0,0,0,0,16384,0.1,32,4,32,4,64,100,24.67,15.79
164,stream,16384,63,kernel_compute_cost,819286871.96,1220075297.14,24131,54.61,54.61,19744,45.24,19.98,7920.07,7.8,512,32,32,0,0,0,0,16384,0.1,32,4,32,4,64,100,24.78,15.86
165,stream,16384,64,kernel_compute_cost,814634146.34,1212135840.11,23893,55.1,55.1,19680,46.07,20.23,7776.52,7.87,512,32,32,0,0,0,0,16384,0.1,32,4,32,4,64,100,24.69,15.8
166,stream,16384,65,kernel_compute_cost,826612903.23,1231812836.02,24477,53.86,53.86,19840,46.0,19.67,7789.12,7.69,512,32,32,0,0,0,0,16384,0.1,32,4,32,4,64,100,24.76,15.85
167,stream,16384,66,kernel_compute_cost,800643086.82,1192423633.44,23776,55.43,55.43,19904,43.57,20.27,8222.6,7.91,512,32,32,0,0,0,0,16384,0.1,32,4,32,4,64,100,24.69,15.8
168,stream,16384,67,kernel_compute_cost,837993421.05,1248637952.3,24329,54.18,54.18,19456,45.87,19.79,7810.57,7.73,512,32,32,0,0,0,0,16384,0.1,32,4,32,4,64,100,24.77,15.85
169,stream,16384,68,kernel_compute_cost,819068471.34,1220043789.81,24556,53.66,53.66,20096,45.18,19.56,7930.09,7.66,512,32,32,0,0,0,0,16384,0.1,32,4,32,4,64,100,24.71,15.82
170,stream,16384,69,kernel_compute_cost,789049919.48,1175615606.55,23398,56.33,56.33,19872,46.15,20.42,7763.12,8.01,512,32,32,0,0,0,0,16384,0.1,32,4,32,4,64,100,24.75,15.84
171,stream,16384,70,kernel_compute_cost,836333878.89,1245797531.37,24396,54.02,54.02,19552,44.63,19.75,8027.41,7.71,512,32,32,0,0,0,0,16384,0.1,32,4,32,4,64,100,24.72,15.82
172,stream,16384,71,kernel_compute_cost,828308207.71,1233528754.89,23603,55.82,55.82,19104,45.07,20.49,7950.0,7.97,512,32,32,0,0,0,0,16384,0.1,32,4,32,4,64,100,24.59,15.74
173,stream,16384,72,kernel_compute_cost,800874403.82,1192840818.76,24052,54.8,54.8,20128,45.03,20.07,7955.98,7.82,512,32,32,0,0,0,0,16384,0.1,32,4,32,4,64,100,24.73,15.83
174,stream,16384,73,kernel_compute_cost,837209302.33,1247326619.6,24057,54.77,54.77,19264,45.24,20.12,7919.35,7.82,512,32,32,0,0,0,0,16384,0.1,32,4,32,4,64,100,24.59,15.74
175,stream,16384,74,kernel_compute_cost,827974276.53,1233713491.43,24596,53.6,53.6,19904,46.01,19.63,7787.69,7.65,512,32,32,0,0,0,0,16384,0.1,32,4,32,4,64,100,24.73,15.83
176,stream,16384,75,kernel_compute_cost,811023622.05,1208234908.14,24584,53.6,53.6,20320,44.99,19.63,7962.93,7.65,512,32,32,0,0,0,0,16384,0.1,32,4,32,4,64,100,24.71,15.81
177,stream,16384,76,kernel_compute_cost,875410509.03,1305452928.3,25476,51.78,51.78,19488,44.56,18.91,8040.19,7.38,512,32,32,0,0,0,0,16384,0.1,32,4,32,4,64,100,24.72,15.82
178,stream,16384,77,kernel_compute_cost,822660098.52,1226027983.03,23929,55.1,55.1,19488,46.04,20.2,7782.12,7.86,512,32,32,0,0,0,0,16384,0.1,32,4,32,4,64,100,24.72,15.82
179,stream,16384,78,kernel_compute_cost,815485996.71,1214271004.94,23627,55.77,55.77,19424,45.57,20.38,7862.36,7.96,512,32,32,0,0,0,0,16384,0.1,32,4,32,4,64,100,24.75,15.84
180,stream,16384,79,kernel_compute_cost,817170111.29,1217797761.0,24540,53.7,53.7,20128,44.24,19.65,8097.84,7.66,512,32,32,0,0,0,0,16384,0.1,32,4,32,4,64,100,24.74,15.83
181,stream,16384,80,kernel_compute_cost,807941653.16,1203065910.32,23793,55.37,55.37,19744,45.28,20.31,7912.1,7.91,512,32,32,0,0,0,0,16384,0.1,32,4,32,4,64,100,24.71,15.81
182,stream,16384,81,kernel_compute_cost,822271986.97,1223602062.98,24080,54.67,54.67,19648,44.47,20.0,8056.84,7.81,512,32,32,0,0,0,0,16384,0.1,32,4,32,4,64,100,24.73,15.83
183,stream,16384,82,kernel_compute_cost,806581059.39,1201586744.25,23986,54.93,54.93,19936,44.99,20.13,7963.11,7.84,512,32,32,0,0,0,0,16384,0.1,32,4,32,4,64,100,24.72,15.82
184,stream,16384,83,kernel_compute_cost,828150572.83,1233369135.3,24154,54.55,54.55,19552,46.13,19.92,7767.29,7.79,512,32,32,0,0,0,0,16384,0.1,32,4,32,4,64,100,24.75,15.84
185,stream,16384,84,kernel_compute_cost,801587301.59,1193989748.68,24103,54.66,54.66,20160,45.54,19.95,7866.68,7.8,512,32,32,0,0,0,0,16384,0.1,32,4,32,4,64,100,24.7,15.81
186,stream,16384,85,kernel_compute_cost,813223140.5,1212198691.46,23513,56.11,56.11,19360,45.64,20.58,7850.84,8.0,512,32,32,0,0,0,0,16384,0.1,32,4,32,4,64,100,24.56,15.72
187,stream,16384,86,kernel_compute_cost,816343042.07,1217190871.09,24109,54.72,54.72,19776,45.23,20.05,7920.9,7.8,512,32,32,0,0,0,0,16384,0.1,32,4,32,4,64,100,24.67,15.79
188,stream,16384,87,kernel_compute_cost,817758899.68,1217949366.24,24125,54.62,54.62,19776,45.63,20.08,7851.45,7.8,512,32,32,0,0,0,0,16384,0.1,32,4,32,4,64,100,24.54,15.7
189,stream,16384,88,kernel_compute_cost,836633663.37,1247215346.53,24222,54.45,54.45,19392,45.88,19.89,7809.55,7.77,512,32,32,0,0,0,0,16384,0.1,32,4,32,4,64,100,24.81,15.88
190,stream,16384,89,kernel_compute_cost,821717990.28,1223882360.89,24202,54.45,54.45,19744,45.23,19.95,7921.91,7.77,512,32,32,0,0,0,0,16384,0.1,32,4,32,4,64,100,24.73,15.83
191,stream,16384,90,kernel_compute_cost,809061488.67,1205400485.44,23874,55.21,55.21,19776,44.24,20.19,8099.1,7.88,512,32,32,0,0,0,0,16384,0.1,32,4,32,4,64,100,24.73,15.83
192,stream,16384,91,kernel_compute_cost,789682539.68,1176421957.67,23757,55.49,55.49,20160,44.94,20.38,7972.07,7.92,512,32,32,0,0,0,0,16384,0.1,32,4,32,4,64,100,24.61,15.75
193,stream,16384,92,kernel_compute_cost,827529021.56,1233148493.64,23830,55.32,55.32,19296,45.22,20.18,7922.25,7.89,512,32,32,0,0,0,0,16384,0.1,32,4,32,4,64,100,24.68,15.8
194,stream,16384,93,kernel_compute_cost,822452229.3,1225053078.56,24656,53.44,53.44,20096,45.14,19.58,7936.41,7.63,512,32,32,0,0,0,0,16384,0.1,32,4,32,4,64,100,24.81,15.88
195,stream,16384,94,kernel_compute_cost,847516286.64,1263758821.93,24864,53.05,53.05,19648,45.44,19.42,7884.85,7.56,512,32,32,0,0,0,0,16384,0.1,32,4,32,4,64,100,24.74,15.83
196,stream,16384,95,kernel_compute_cost,831967213.11,1239668715.85,24234,54.39,54.39,19520,44.74,19.93,8008.88,7.76,512,32,32,0,0,0,0,16384,0.1,32,4,32,4,64,100,24.71,15.81
197,stream,16384,96,kernel_compute_cost,825600000.0,1229900000.0,24637,53.5,53.5,20000,46.1,19.6,7772.61,7.64,512,32,32,0,0,0,0,16384,0.1,32,4,32,4,64,100,24.73,15.83
198,stream,16384,97,kernel_compute_cost,837704918.03,1248275273.22,24400,54.02,54.02,19520,45.12,19.75,7939.86,7.71,512,32,32,0,0,0,0,16384,0.1,32,4,32,4,64,100,24.79,15.86
199,stream,16384,98,kernel_compute_cost,817863036.3,1218784378.44,23667,55.7,55.7,19392,44.87,20.43,7985.06,7.95,512,32,32,0,0,0,0,16384,0.1,32,4,32,4,64,100,24.67,15.79
200,stream,16384,99,kernel_compute_cost,769817073.17,1147000444.61,24114,54.66,54.66,20992,45.9,20.0,7805.07,7.8,512,32,32,0,0,0,0,16384,0.1,32,4,32,4,64,100,24.79,15.86
201,stream,4096,0,kernel_compute_cost,754741379.31,1124676724.14,10454,9.83,9.83,9280,40.53,3.91,686.33,1.19,512,8,32,0,0,0,0,4096,0.03,32,4,32,4,64,100,23.96,15.33
202,stream,4096,1,kernel_compute_cost,697635135.14,1041631475.23,9880,10.41,10.41,9472,38.94,4.15,714.41,1.26,512,8,32,0,0,0,0,4096,0.03,32,4,32,4,64,100,23.89,15.29
203,stream,4096,2,kernel_compute_cost,697324414.72,1040447324.41,9970,10.56,10.56,9568,41.65,4.24,683.61,1.25,512,8,32,0,0,0,0,4096,0.03,32,4,32,4,64,100,24.56,15.72
204,stream,4096,3,kernel_compute_cost,741258741.26,1107390005.83,10148,10.38,10.38,9152,41.26,4.11,689.99,1.22,512,8,32,0,0,0,0,4096,0.03,32,4,32,4,64,100,24.54,15.71
205,stream,4096,4,kernel_compute_cost,713576158.94,1065587058.5,10315,10.21,10.21,9664,41.35,4.14,688.59,1.2,512,8,32,0,0,0,0,4096,0.03,32,4,32,4,64,100,24.12,15.44
206,stream,4096,5,kernel_compute_cost,725524475.52,1081730769.23,9914,10.12,10.12,9152,40.81,3.94,665.73,1.25,512,8,32,0,0,0,0,4096,0.03,32,4,32,4,64,100,24.09,15.42
207,stream,4096,6,kernel_compute_cost,729238754.33,1087676614.76,10073,9.97,9.97,9248,40.8,3.74,665.95,1.23,512,8,32,0,0,0,0,4096,0.03,32,4,32,4,64,100,23.72,15.18
208,stream,4096,7,kernel_compute_cost,756993006.99,1129953379.95,10357,9.7,9.7,9152,39.87,3.68,681.48,1.2,512,8,32,0,0,0,0,4096,0.03,32,4,32,4,64,100,24.36,15.59
209,stream,4096,8,kernel_compute_cost,748263888.89,1118778935.19,10327,9.75,9.75,9216,41.02,3.75,662.41,1.2,512,8,32,0,0,0,0,4096,0.03,32,4,32,4,64,100,24.61,15.75
210,stream,4096,9,kernel_compute_cost,762068965.52,1136835488.51,10564,9.5,9.5,9280,41.27,3.69,658.35,1.18,512,8,32,0,0,0,0,4096,0.03,32,4,32,4,64,100,24.26,15.53
211,stream,4096,10,kernel_compute_cost,731164383.56,1092073344.75,10218,9.84,9.84,9344,40.93,3.79,663.88,1.22,512,8,32,0,0,0,0,4096,0.03,32,4,32,4,64,100,24.61,15.75
212,stream,4096,11,kernel_compute_cost,759353741.5,1134353741.5,10693,9.41,9.41,9408,40.75,3.61,666.69,1.16,512,8,32,0,0,0,0,4096,0.03,32,4,32,4,64,100,24.59,15.74
213,stream,4096,12,kernel_compute_cost,750859106.53,1122565864.83,10464,9.61,9.61,9312,40.95,3.71,663.46,1.19,512,8,32,0,0,0,0,4096,0.03,32,4,32,4,64,100,24.5,15.68
214,stream,4096,13,kernel_compute_cost,730508474.58,1088418079.1,10291,9.75,9.75,9440,38.24,3.79,710.55,1.21,512,8,32,0,0,0,0,4096,0.03,32,4,32,4,64,100,24.05,15.39
215,stream,4096,14,kernel_compute_cost,746610169.49,1114336158.19,10534,9.54,9.54,9440,40.37,3.68,673.0,1.18,512,8,32,0,0,0,0,4096,0.03,32,4,32,4,64,100,24.38,15.61
216,stream,4096,15,kernel_compute_cost,731833910.03,1093822087.66,10130,9.93,9.93,9248,39.17,3.8,693.65,1.23,512,8,32,0,0,0,0,4096,0.03,32,4,32,4,64,100,24.47,15.66
217,stream,4096,16,kernel_compute_cost,714776632.3,1066276489.12,9941,10.1,10.1,9312,41.05,3.88,661.92,1.25,512,8,32,0,0,0,0,4096,0.03,32,4,32,4,64,100,24.65,15.78
218,stream,4096,17,kernel_compute_cost,746503496.5,1113836684.15,10210,9.84,9.84,9152,41.09,3.77,661.26,1.22,512,8,32,0,0,0,0,4096,0.03,32,4,32,4,64,100,24.66,15.78
219,stream,4096,18,kernel_compute_cost,721283783.78,1075520833.33,10199,9.84,9.84,9472,38.93,3.81,697.95,1.22,512,8,32,0,0,0,0,4096,0.03,32,4,32,4,64,100,24.25,15.52
220,stream,4096,19,kernel_compute_cost,717993079.58,1071925461.36,9929,10.12,10.12,9248,39.31,3.91,691.2,1.25,512,8,32,0,0,0,0,4096,0.03,32,4,32,4,64,100,24.56,15.72
221,stream,4096,20,kernel_compute_cost,721254355.4,1076346544.72,9900,10.15,10.15,9184,37.64,3.87,721.89,1.25,512,8,32,0,0,0,0,4096,0.03,32,4,32,4,64,100,24.43,15.64
222,stream,4096,21,kernel_compute_cost,715753424.66,1067476455.48,9987,10.05,10.05,9344,37.86,3.82,717.55,1.24,512,8,32,0,0,0,0,4096,0.03,32,4,32,4,64,100,24.51,15.69
223,stream,4096,22,kernel_compute_cost,706896551.72,1055747126.44,9814,10.25,10.25,9280,40.97,3.87,663.2,1.26,512,8,32,0,0,0,0,4096,0.03,32,4,32,4,64,100,24.03,15.38
224,stream,4096,23,kernel_compute_cost,717013888.89,1070565682.87,9882,10.17,10.17,9216,40.7,3.92,667.6,1.26,512,8,32,0,0,0,0,4096,0.03,32,4,32,4,64,100,24.54,15.71
225,stream,4096,24,kernel_compute_cost,737542955.33,1100229095.07,10262,9.79,9.79,9312,40.91,3.75,664.2,1.21,512,8,32,0,0,0,0,4096,0.03,32,4,32,4,64,100,24.54,15.71
226,stream,4096,25,kernel_compute_cost,744396551.72,1110542385.06,10323,9.73,9.73,9280,39.06,3.75,695.66,1.2,512,8,32,0,0,0,0,4096,0.03,32,4,32,4,64,100,24.61,15.75
227,stream,4096,26,kernel_compute_cost,736111111.11,1100405092.59,10159,9.91,9.91,9216,41.23,3.77,659.04,1.22,512,8,32,0,0,0,0,4096,0.03,32,4,32,4,64,100,24.51,15.68
228,stream,4096,27,kernel_compute_cost,754325259.52,1126639994.23,10438,9.64,9.64,9248,39.72,3.71,684.1,1.19,512,8,32,0,0,0,0,4096,0.03,32,4,32,4,64,100,24.48,15.67
229,stream,4096,28,kernel_compute_cost,772887323.94,1153480780.52,10500,9.57,9.57,9088,40.4,3.63,672.6,1.18,512,8,32,0,0,0,0,4096,0.03,32,4,32,4,64,100,24.35,15.59
230,stream,4096,29,kernel_compute_cost,720486111.11,1075104890.05,9922,10.12,10.12,9216,41.33,3.88,657.41,1.25,512,8,32,0,0,0,0,4096,0.03,32,4,32,4,64,100,24.63,15.76
231,stream,4096,30,kernel_compute_cost,729166666.67,1089861834.49,10061,10.0,10.0,9216,39.64,3.86,685.39,1.23,512,8,32,0,0,0,0,4096,0.03,32,4,32,4,64,100,24.51,15.69
232,stream,4096,31,kernel_compute_cost,730769230.77,1093786421.91,10022,10.05,10.05,9152,40.53,3.86,670.34,1.24,512,8,32,0,0,0,0,4096,0.03,32,4,32,4,64,100,24.66,15.78
233,stream,4096,32,kernel_compute_cost,710344827.59,1058028017.24,9834,10.2,10.2,9280,41.03,3.93,662.14,1.26,512,8,32,0,0,0,0,4096,0.03,32,4,32,4,64,100,24.61,15.75
234,stream,4096,33,kernel_compute_cost,761245674.74,1135218425.61,10515,9.55,9.55,9248,41.63,3.69,652.69,1.18,512,8,32,0,0,0,0,4096,0.03,32,4,32,4,64,100,24.53,15.7
235,stream,4096,34,kernel_compute_cost,703389830.51,1050158898.31,9922,10.12,10.12,9440,40.94,3.9,663.65,1.25,512,8,32,0,0,0,0,4096,0.03,32,4,32,4,64,100,24.53,15.7
236,stream,4096,35,kernel_compute_cost,725862068.97,1083764367.82,10077,9.98,9.98,9280,39.47,3.86,688.29,1.23,512,8,32,0,0,0,0,4096,0.03,32,4,32,4,64,100,24.41,15.62
237,stream,4096,36,kernel_compute_cost,724832214.77,1081445749.44,10329,9.72,9.72,9536,38.64,3.73,703.12,1.2,512,8,32,0,0,0,0,4096,0.03,32,4,32,4,64,100,24.4,15.62
238,stream,4096,37,kernel_compute_cost,719178082.19,1072345890.41,10036,10.0,10.0,9344,41.05,3.84,661.92,1.24,512,8,32,0,0,0,0,4096,0.03,32,4,32,4,64,100,24.61,15.75
239,stream,4096,38,kernel_compute_cost,708474576.27,1057980225.99,10006,10.05,10.05,9440,40.96,3.87,663.25,1.24,512,8,32,0,0,0,0,4096,0.03,32,4,32,4,64,100,24.75,15.84
240,stream,4096,39,kernel_compute_cost,711072664.36,1059526384.08,9814,10.22,10.22,9248,38.82,3.92,699.98,1.27,512,8,32,0,0,0,0,4096,0.03,32,4,32,4,64,100,24.55,15.71
241,stream,4096,40,kernel_compute_cost,760888501.74,1136850319.4,10458,9.62,9.62,9184,40.85,3.68,665.09,1.19,512,8,32,0,0,0,0,4096,0.03,32,4,32,4,64,100,24.58,15.73
242,stream,4096,41,kernel_compute_cost,729166666.67,1089192708.33,10055,10.0,10.0,9216,41.71,3.88,651.38,1.24,512,8,32,0,0,0,0,4096,0.03,32,4,32,4,64,100,24.13,15.44
243,stream,4096,42,kernel_compute_cost,736591695.5,1099859429.07,10187,9.87,9.87,9248,40.38,3.84,672.94,1.22,512,8,32,0,0,0,0,4096,0.03,32,4,32,4,64,100,24.06,15.4
244,stream,4096,43,kernel_compute_cost,762152777.78,1138563368.06,10505,9.8,9.8,9216,41.55,3.78,669.52,1.18,512,8,32,0,0,0,0,4096,0.03,32,4,32,4,64,100,24.19,15.48
245,stream,4096,44,kernel_compute_cost,726027397.26,1083279823.06,10138,10.14,10.14,9344,39.54,3.99,703.64,1.22,512,8,32,0,0,0,0,4096,0.03,32,4,32,4,64,100,24.58,15.73
246,stream,4096,45,kernel_compute_cost,717905405.41,1071632179.05,10166,10.12,10.12,9472,41.93,3.93,663.42,1.22,512,8,32,0,0,0,0,4096,0.03,32,4,32,4,64,100,24.5,15.68
247,stream,4096,46,kernel_compute_cost,742320819.11,1108877275.31,10412,9.89,9.89,9376,40.72,3.85,683.24,1.19,512,8,32,0,0,0,0,4096,0.03,32,4,32,4,64,100,24.65,15.78
248,stream,4096,47,kernel_compute_cost,722602739.73,1077928795.66,10091,10.19,10.19,9344,41.2,3.99,675.29,1.23,512,8,32,0,0,0,0,4096,0.03,32,4,32,4,64,100,24.57,15.72
249,stream,4096,48,kernel_compute_cost,705631399.32,1052616609.78,9885,10.4,10.4,9376,40.04,4.05,694.74,1.26,512,8,32,0,0,0,0,4096,0.03,32,4,32,4,64,100,24.52,15.69
250,stream,4096,49,kernel_compute_cost,737762237.76,1102655157.34,10106,10.19,10.19,9152,38.97,4.0,713.9,1.23,512,8,32,0,0,0,0,4096,0.03,32,4,32,4,64,100,24.66,15.78
251,stream,4096,50,kernel_compute_cost,735191637.63,1097379500.58,10096,10.19,10.19,9184,41.48,4.0,670.75,1.23,512,8,32,0,0,0,0,4096,0.03,32,4,32,4,64,100,24.63,15.76
252,stream,4096,51,kernel_compute_cost,751700680.27,1124468537.41,10596,9.73,9.73,9408,40.68,3.8,683.83,1.17,512,8,32,0,0,0,0,4096,0.03,32,4,32,4,64,100,24.6,15.74
253,stream,4096,52,kernel_compute_cost,734589041.1,1098120005.71,10274,10.03,10.03,9344,39.2,3.91,709.74,1.21,512,8,32,0,0,0,0,4096,0.03,32,4,32,4,64,100,24.54,15.7
254,stream,4096,53,kernel_compute_cost,724080267.56,1081330128.21,10368,9.93,9.93,9568,42.05,3.89,661.61,1.2,512,8,32,0,0,0,0,4096,0.03,32,4,32,4,64,100,24.64,15.77
255,stream,4096,54,kernel_compute_cost,755136986.3,1126997716.89,10546,9.75,9.75,9344,42.32,3.79,657.38,1.18,512,8,32,0,0,0,0,4096,0.03,32,4,32,4,64,100,24.43,15.64
256,stream,4096,55,kernel_compute_cost,756055363.32,1128298010.38,10453,9.84,9.84,9248,40.06,3.85,694.49,1.19,512,8,32,0,0,0,0,4096,0.03,32,4,32,4,64,100,24.62,15.75
257,stream,4096,56,kernel_compute_cost,728070175.44,1086184210.53,9924,10.36,10.36,9120,41.19,4.01,675.34,1.25,512,8,32,0,0,0,0,4096,0.03,32,4,32,4,64,100,24.39,15.61
258,stream,4096,57,kernel_compute_cost,730375426.62,1089288253.7,10230,10.05,10.05,9376,38.72,3.87,718.49,1.21,512,8,32,0,0,0,0,4096,0.03,32,4,32,4,64,100,24.33,15.57
259,stream,4096,58,kernel_compute_cost,690789473.68,1031712582.24,10050,10.24,10.24,9728,41.37,3.97,672.46,1.23,512,8,32,0,0,0,0,4096,0.03,32,4,32,4,64,100,24.51,15.69
260,stream,4096,59,kernel_compute_cost,749134948.1,1117376730.1,10350,9.93,9.93,9248,41.49,3.89,670.5,1.2,512,8,32,0,0,0,0,4096,0.03,32,4,32,4,64,100,24.67,15.79
261,stream,4096,60,kernel_compute_cost,717013888.89,1070909288.19,9880,10.41,10.41,9216,41.08,4.0,677.29,1.25,512,8,32,0,0,0,0,4096,0.03,32,4,32,4,64,100,24.28,15.54
262,stream,4096,61,kernel_compute_cost,741071428.57,1105973639.46,10422,9.87,9.87,9408,39.46,3.84,704.99,1.19,512,8,32,0,0,0,0,4096,0.03,32,4,32,4,64,100,24.45,15.65
263,stream,4096,62,kernel_compute_cost,729310344.83,1088685344.83,10118,10.17,10.17,9280,40.45,3.94,687.7,1.23,512,8,32,0,0,0,0,4096,0.03,32,4,32,4,64,100,24.48,15.66
264,stream,4096,63,kernel_compute_cost,775438596.49,1157328216.37,10571,9.73,9.73,9120,42.87,3.74,648.89,1.17,512,8,32,0,0,0,0,4096,0.03,32,4,32,4,64,100,24.1,15.42
265,stream,4096,64,kernel_compute_cost,760702054.79,1136308504.57,10633,9.68,9.68,9344,38.45,3.77,723.54,1.17,512,8,32,0,0,0,0,4096,0.03,32,4,32,4,64,100,24.7,15.81
266,stream,4096,65,kernel_compute_cost,760273972.6,1134168093.61,10613,9.69,9.69,9344,39.55,3.78,703.44,1.17,512,8,32,0,0,0,0,4096,0.03,32,4,32,4,64,100,24.58,15.73
267,stream,4096,66,kernel_compute_cost,761324041.81,1135815911.73,10448,9.84,9.84,9184,39.33,3.8,707.38,1.19,512,8,32,0,0,0,0,4096,0.03,32,4,32,4,64,100,24.26,15.52
268,stream,4096,67,kernel_compute_cost,732993197.28,1093377976.19,10301,9.98,9.98,9408,39.36,3.89,706.77,1.21,512,8,32,0,0,0,0,4096,0.03,32,4,32,4,64,100,24.47,15.66
269,stream,4096,68,kernel_compute_cost,763888888.89,1139865451.39,10522,9.78,9.78,9216,40.95,3.79,679.35,1.18,512,8,32,0,0,0,0,4096,0.03,32,4,32,4,64,100,24.41,15.62
270,stream,4096,69,kernel_compute_cost,757839721.25,1132694541.23,10419,9.89,9.89,9184,40.54,3.83,686.27,1.19,512,8,32,0,0,0,0,4096,0.03,32,4,32,4,64,100,24.53,15.7
271,stream,4096,70,kernel_compute_cost,741319444.44,1105070891.2,10205,10.07,10.07,9216,39.61,3.93,702.39,1.22,512,8,32,0,0,0,0,4096,0.03,32,4,32,4,64,100,24.56,15.72
272,stream,4096,71,kernel_compute_cost,743986254.3,1108838058.42,10343,9.93,9.93,9312,39.55,3.89,703.46,1.2,512,8,32,0,0,0,0,4096,0.03,32,4,32,4,64,100,24.52,15.7
273,stream,4096,72,kernel_compute_cost,762975778.55,1140967416.38,10571,9.75,9.75,9248,39.56,3.76,703.29,1.17,512,8,32,0,0,0,0,4096,0.03,32,4,32,4,64,100,24.39,15.61
274,stream,4096,73,kernel_compute_cost,737500000.0,1101376488.1,9884,10.41,10.41,8960,44.1,3.96,630.85,1.24,512,8,32,0,0,0,0,4096,0.03,32,4,32,4,64,100,24.62,15.76
275,stream,4096,74,kernel_compute_cost,729166666.67,1088035300.93,10044,10.24,10.24,9216,41.88,4.04,664.35,1.24,512,8,32,0,0,0,0,4096,0.03,32,4,32,4,64,100,24.66,15.78
276,stream,4096,75,kernel_compute_cost,750877192.98,1120997807.02,10242,10.05,10.05,9120,41.63,3.84,668.27,1.2,512,8,32,0,0,0,0,4096,0.03,32,4,32,4,64,100,23.64,15.13
277,stream,4096,76,kernel_compute_cost,716723549.49,1069379266.21,10042,10.24,10.24,9376,41.42,3.93,671.66,1.23,512,8,32,0,0,0,0,4096,0.03,32,4,32,4,64,100,23.91,15.3
278,stream,4096,77,kernel_compute_cost,752559726.96,1124360068.26,10557,9.75,9.75,9376,42.69,3.79,651.69,1.18,512,8,32,0,0,0,0,4096,0.03,32,4,32,4,64,100,24.57,15.72
279,stream,4096,78,kernel_compute_cost,764655172.41,1142403017.24,10617,9.7,9.7,9280,39.79,3.8,699.14,1.17,512,8,32,0,0,0,0,4096,0.03,32,4,32,4,64,100,24.53,15.7
280,stream,4096,79,kernel_compute_cost,709183673.47,1058159722.22,9969,10.32,10.32,9408,41.76,4.02,666.21,1.25,512,8,32,0,0,0,0,4096,0.03,32,4,32,4,64,100,24.46,15.66
281,stream,4096,80,kernel_compute_cost,729810996.56,1088863831.62,10157,10.13,10.13,9312,41.93,3.93,663.44,1.22,512,8,32,0,0,0,0,4096,0.03,32,4,32,4,64,100,24.55,15.71
282,stream,4096,81,kernel_compute_cost,749146757.68,1119418373.15,10512,9.8,9.8,9376,39.94,3.82,696.62,1.18,512,8,32,0,0,0,0,4096,0.03,32,4,32,4,64,100,24.52,15.69
283,stream,4096,82,kernel_compute_cost,765625000.0,1143789785.88,10559,9.75,9.75,9216,41.31,3.84,673.51,1.18,512,8,32,0,0,0,0,4096,0.03,32,4,32,4,64,100,24.61,15.75
284,stream,4096,83,kernel_compute_cost,754385964.91,1123976608.19,10268,10.0,10.0,9120,40.11,3.91,693.6,1.21,512,8,32,0,0,0,0,4096,0.03,32,4,32,4,64,100,24.53,15.7
285,stream,4096,84,kernel_compute_cost,751724137.93,1120725574.71,10416,9.87,9.87,9280,41.34,3.83,672.89,1.19,512,8,32,0,0,0,0,4096,0.03,32,4,32,4,64,100,24.51,15.69
286,stream,4096,85,kernel_compute_cost,713559322.03,1067108050.85,10089,10.22,10.22,9440,38.79,3.97,717.2,1.23,512,8,32,0,0,0,0,4096,0.03,32,4,32,4,64,100,24.65,15.78
287,stream,4096,86,kernel_compute_cost,760964912.28,1135544590.64,10371,9.92,9.92,9120,41.39,3.83,672.2,1.2,512,8,32,0,0,0,0,4096,0.03,32,4,32,4,64,100,24.42,15.63
288,stream,4096,87,kernel_compute_cost,750000000.0,1122039098.17,10502,9.82,9.82,9344,40.12,3.84,693.44,1.18,512,8,32,0,0,0,0,4096,0.03,32,4,32,4,64,100,24.58,15.73
289,stream,4096,88,kernel_compute_cost,722602739.73,1080104880.14,10107,10.19,10.19,9344,41.33,3.98,673.11,1.23,512,8,32,0,0,0,0,4096,0.03,32,4,32,4,64,100,24.65,15.78
290,stream,4096,89,kernel_compute_cost,753826530.61,1126328656.46,10611,9.7,9.7,9408,39.61,3.75,702.4,1.17,512,8,32,0,0,0,0,4096,0.03,32,4,32,4,64,100,24.15,15.46
291,stream,4096,90,kernel_compute_cost,733676975.95,1095486111.11,10215,10.07,10.07,9312,38.74,3.88,718.09,1.21,512,8,32,0,0,0,0,4096,0.03,32,4,32,4,64,100,24.06,15.4
292,stream,4096,91,kernel_compute_cost,757839721.25,1130571283.39,10399,9.89,9.89,9184,40.64,3.79,684.58,1.19,512,8,32,0,0,0,0,4096,0.03,32,4,32,4,64,100,23.76,15.21
293,stream,4096,92,kernel_compute_cost,770979020.98,1149603001.17,10543,9.75,9.75,9152,41.84,3.81,664.9,1.18,512,8,32,0,0,0,0,4096,0.03,32,4,32,4,64,100,24.47,15.66
294,stream,4096,93,kernel_compute_cost,732394366.2,1092447916.67,9944,10.34,10.34,9088,39.5,4.0,704.34,1.25,512,8,32,0,0,0,0,4096,0.03,32,4,32,4,64,100,24.28,15.54
295,stream,4096,94,kernel_compute_cost,751724137.93,1123994252.87,10446,9.87,9.87,9280,40.33,3.83,689.8,1.19,512,8,32,0,0,0,0,4096,0.03,32,4,32,4,64,100,24.67,15.79
296,stream,4096,95,kernel_compute_cost,743534482.76,1110201149.43,10319,9.97,9.97,9280,40.74,3.84,682.92,1.2,512,8,32,0,0,0,0,4096,0.03,32,4,32,4,64,100,24.34,15.58
297,stream,4096,96,kernel_compute_cost,760416666.67,1135036892.36,10480,9.82,9.82,9216,39.98,3.82,695.79,1.19,512,8,32,0,0,0,0,4096,0.03,32,4,32,4,64,100,24.59,15.74
298,stream,4096,97,kernel_compute_cost,715948275.86,1068570402.3,9929,10.36,10.36,9280,40.52,3.98,686.59,1.25,512,8,32,0,0,0,0,4096,0.03,32,4,32,4,64,100,24.14,15.45
299,stream,4096,98,kernel_compute_cost,747368421.05,1115332602.34,10188,10.1,10.1,9120,41.5,3.91,670.42,1.22,512,8,32,0,0,0,0,4096,0.03,32,4,32,4,64,100,24.31,15.56
300,stream,4096,99,kernel_compute_cost,732993197.28,1094316893.42,10309,9.98,9.98,9408,38.23,3.91,727.74,1.2,512,8,32,0,0,0,0,4096,0.03,32,4,32,4,64,100,24.66,15.78
301,stream,65536,0,kernel_compute_cost,876937618.15,1309640831.76,110912,91.8,91.8,84640,27.27,32.98,100834.6,13.43,512,128,32,0,0,0,0,65536,0.4,32,4,32,4,64,100,40.02,25.61
302,stream,65536,1,kernel_compute_cost,837778589.7,1251531862.75,109673,92.85,92.85,87584,27.03,33.34,101728.19,13.58,512,128,32,0,0,0,0,65536,0.4,32,4,32,4,64,100,39.96,25.57
303,stream,65536,2,kernel_compute_cost,874812312.31,1306619119.12,111443,91.34,91.34,85248,27.09,32.79,101490.85,13.36,512,128,32,0,0,0,0,65536,0.4,32,4,32,4,64,100,39.96,25.58
304,stream,65536,3,kernel_compute_cost,862242990.65,1288097741.43,110315,92.31,92.31,85600,27.07,33.13,101577.49,13.5,512,128,32,0,0,0,0,65536,0.4,32,4,32,4,64,100,39.95,25.57
305,stream,65536,4,kernel_compute_cost,865227103.5,1292593540.58,111162,91.58,91.58,85952,27.14,32.91,101293.95,13.4,512,128,32,0,0,0,0,65536,0.4,32,4,32,4,64,100,40.01,25.61
306,stream,65536,5,kernel_compute_cost,870048130.32,1299790586.82,112403,90.58,90.58,86432,26.92,32.49,102140.11,13.25,512,128,32,0,0,0,0,65536,0.4,32,4,32,4,64,100,39.89,25.53
307,stream,65536,6,kernel_compute_cost,871669793.62,1302353033.15,111118,91.63,91.63,85280,27.18,32.94,101157.19,13.4,512,128,32,0,0,0,0,65536,0.4,32,4,32,4,64,100,39.99,25.59
308,stream,65536,7,kernel_compute_cost,849282296.65,1268469742.98,110349,92.25,92.25,86944,27.17,33.07,101198.38,13.5,512,128,32,0,0,0,0,65536,0.4,32,4,32,4,64,100,40.01,25.61
309,stream,65536,8,kernel_compute_cost,847482543.18,1266293029.52,110324,92.3,92.3,87072,26.83,33.17,102457.76,13.5,512,128,32,0,0,0,0,65536,0.4,32,4,32,4,64,100,39.86,25.51
310,stream,65536,9,kernel_compute_cost,850194732.94,1269639434.97,109606,92.85,92.85,86272,27.13,33.37,101324.44,13.59,512,128,32,0,0,0,0,65536,0.4,32,4,32,4,64,100,39.99,25.59
311,stream,65536,10,kernel_compute_cost,848300073.91,1267157089.18,109783,92.72,92.72,86592,27.13,33.34,101325.26,13.57,512,128,32,0,0,0,0,65536,0.4,32,4,32,4,64,100,39.9,25.54
312,stream,65536,11,kernel_compute_cost,856599925.84,1279639414.16,110496,92.12,92.12,86304,27.17,33.12,101202.79,13.48,512,128,32,0,0,0,0,65536,0.4,32,4,32,4,64,100,39.98,25.59
313,stream,65536,12,kernel_compute_cost,887102874.43,1325313997.1,112193,90.73,90.73,84608,27.18,32.63,101148.14,13.28,512,128,32,0,0,0,0,65536,0.4,32,4,32,4,64,100,40.01,25.61
314,stream,65536,13,kernel_compute_cost,873263236.95,1304467470.9,111223,91.51,91.51,85216,26.81,32.85,102556.6,13.39,512,128,32,0,0,0,0,65536,0.4,32,4,32,4,64,100,39.86,25.51
315,stream,65536,14,kernel_compute_cost,884414615.96,1321304840.91,113454,89.73,89.73,85824,27.11,32.24,101421.06,13.13,512,128,32,0,0,0,0,65536,0.4,32,4,32,4,64,100,39.96,25.57
316,stream,65536,15,kernel_compute_cost,881628787.88,1316755445.08,111302,91.44,91.44,84480,27.02,32.83,101751.66,13.38,512,128,32,0,0,0,0,65536,0.4,32,4,32,4,64,100,39.93,25.56
317,stream,65536,16,kernel_compute_cost,857142857.14,1280127164.5,110470,92.15,92.15,86240,27.27,33.14,100807.09,13.48,512,128,32,0,0,0,0,65536,0.4,32,4,32,4,64,100,40.02,25.61
318,stream,65536,17,kernel_compute_cost,845674486.8,1263417949.66,110358,92.27,92.27,87296,26.94,33.09,102066.34,13.5,512,128,32,0,0,0,0,65536,0.4,32,4,32,4,64,100,39.9,25.54
319,stream,65536,18,kernel_compute_cost,864536621.82,1291263779.9,110655,92.01,92.01,85632,26.99,33.1,101856.35,13.46,512,128,32,0,0,0,0,65536,0.4,32,4,32,4,64,100,39.89,25.53
320,stream,65536,19,kernel_compute_cost,857356236.0,1280347585.26,109792,92.69,92.69,85696,27.18,33.33,101156.84,13.57,512,128,32,0,0,0,0,65536,0.4,32,4,32,4,64,100,39.97,25.58
321,stream,65536,20,kernel_compute_cost,868852459.02,1298012139.84,111546,91.26,91.26,85888,27.14,32.78,101289.02,13.35,512,128,32,0,0,0,0,65536,0.4,32,4,32,4,64,100,40.0,25.6
322,stream,65536,21,kernel_compute_cost,862588322.8,1288774869.84,110970,91.77,91.77,86048,27.15,32.98,101280.1,13.42,512,128,32,0,0,0,0,65536,0.4,32,4,32,4,64,100,39.94,25.56
323,stream,65536,22,kernel_compute_cost,859099437.15,1283073405.25,109499,92.98,92.98,85280,26.95,33.41,102003.81,13.6,512,128,32,0,0,0,0,65536,0.4,32,4,32,4,64,100,39.93,25.55
324,stream,65536,23,kernel_compute_cost,885440180.59,1322979370.45,112590,90.43,90.43,85056,27.1,32.36,101451.27,13.23,512,128,32,0,0,0,0,65536,0.4,32,4,32,4,64,100,39.94,25.56
325,stream,65536,24,kernel_compute_cost,840792369.77,1255844567.74,109605,92.86,92.86,87232,27.0,33.27,101807.62,13.59,512,128,32,0,0,0,0,65536,0.4,32,4,32,4,64,100,39.91,25.54
326,stream,65536,25,kernel_compute_cost,869016697.59,1298295454.55,112033,90.87,90.87,86240,27.01,32.59,101778.45,13.3,512,128,32,0,0,0,0,65536,0.4,32,4,32,4,64,100,39.93,25.55
327,stream,65536,26,kernel_compute_cost,876263571.7,1309015428.05,111948,90.93,90.93,85472,26.95,32.59,102008.39,13.3,512,128,32,0,0,0,0,65536,0.4,32,4,32,4,64,100,39.91,25.54
328,stream,65536,27,kernel_compute_cost,871436609.15,1301602744.44,111096,91.61,91.61,85312,27.04,32.85,101691.2,13.41,512,128,32,0,0,0,0,65536,0.4,32,4,32,4,64,100,39.95,25.57
329,stream,65536,28,kernel_compute_cost,863874345.55,1290813544.0,110511,92.16,92.16,85568,26.86,33.07,102341.66,13.48,512,128,32,0,0,0,0,65536,0.4,32,4,32,4,64,100,39.91,25.54
330,stream,65536,29,kernel_compute_cost,889304412.86,1328286664.8,113716,89.51,89.51,85568,27.12,32.17,101359.27,13.1,512,128,32,0,0,0,0,65536,0.4,32,4,32,4,64,100,40.01,25.6
331,stream,65536,30,kernel_compute_cost,849518161.6,1269057326.41,109637,92.88,92.88,86336,27.0,33.36,101807.62,13.59,512,128,32,0,0,0,0,65536,0.4,32,4,32,4,64,100,39.93,25.55
332,stream,65536,31,kernel_compute_cost,876974426.48,1309773411.06,111507,91.3,91.3,85088,27.15,32.75,101253.48,13.36,512,128,32,0,0,0,0,65536,0.4,32,4,32,4,64,100,39.95,25.57
333,stream,65536,32,kernel_compute_cost,859510357.82,1284137633.4,109148,93.27,93.27,84960,26.97,33.36,101946.32,13.64,512,128,32,0,0,0,0,65536,0.4,32,4,32,4,64,100,39.83,25.49
334,stream,65536,33,kernel_compute_cost,876082862.52,1308537350.91,111244,91.52,91.52,84960,27.13,32.87,101324.38,13.39,512,128,32,0,0,0,0,65536,0.4,32,4,32,4,64,100,40.04,25.62
335,stream,65536,34,kernel_compute_cost,875655676.28,1307927828.77,111761,91.06,91.06,85408,27.09,32.73,101488.4,13.33,512,128,32,0,0,0,0,65536,0.4,32,4,32,4,64,100,39.96,25.58
336,stream,65536,35,kernel_compute_cost,849276974.42,1268794030.4,109564,92.93,92.93,86304,27.04,33.33,101682.3,13.59,512,128,32,0,0,0,0,65536,0.4,32,4,32,4,64,100,39.94,25.56
337,stream,65536,36,kernel_compute_cost,863432835.82,1289482276.12,110639,91.99,91.99,85760,26.98,33.05,101894.2,13.46,512,128,32,0,0,0,0,65536,0.4,32,4,32,4,64,100,39.94,25.56
338,stream,65536,37,kernel_compute_cost,868253373.31,1297044836.96,110789,91.94,91.94,85376,26.95,32.98,102013.99,13.44,512,128,32,0,0,0,0,65536,0.4,32,4,32,4,64,100,39.87,25.52
339,stream,65536,38,kernel_compute_cost,866027809.09,1293915586.25,110229,92.35,92.35,85152,26.98,33.1,101886.38,13.51,512,128,32,0,0,0,0,65536,0.4,32,4,32,4,64,100,39.93,25.56
340,stream,65536,39,kernel_compute_cost,854659763.31,1276946961.29,110543,92.12,92.12,86528,27.08,33.04,101519.93,13.47,512,128,32,0,0,0,0,65536,0.4,32,4,32,4,64,100,39.96,25.58
341,stream,65536,40,kernel_compute_cost,843658357.77,1260277294.11,110084,92.5,92.5,87296,27.16,33.25,101219.15,13.53,512,128,32,0,0,0,0,65536,0.4,32,4,32,4,64,100,39.96,25.57
342,stream,65536,41,kernel_compute_cost,869727510.27,1299276004.73,111429,91.36,91.36,85728,27.11,32.83,101423.01,13.36,512,128,32,0,0,0,0,65536,0.4,32,4,32,4,64,100,39.87,25.52
343,stream,65536,42,kernel_compute_cost,858788554.44,1282786758.33,110530,92.09,92.09,86112,26.95,33.05,102019.89,13.48,512,128,32,0,0,0,0,65536,0.4,32,4,32,4,64,100,39.92,25.55
344,stream,65536,43,kernel_compute_cost,883834586.47,1320318374.06,112455,90.56,90.56,85120,27.16,32.47,101219.35,13.25,512,128,32,0,0,0,0,65536,0.4,32,4,32,4,64,100,40.02,25.61
345,stream,65536,44,kernel_compute_cost,862429906.54,1288481308.41,110368,92.26,92.26,85600,26.86,33.03,102346.79,13.5,512,128,32,0,0,0,0,65536,0.4,32,4,32,4,64,100,39.85,25.5
346,stream,65536,45,kernel_compute_cost,860710321.86,1285693365.4,111278,91.49,91.49,86496,27.01,32.85,101786.02,13.39,512,128,32,0,0,0,0,65536,0.4,32,4,32,4,64,100,39.94,25.56
347,stream,65536,46,kernel_compute_cost,866641622.84,1294787362.26,110366,92.26,92.26,85184,27.02,33.09,101744.66,13.5,512,128,32,0,0,0,0,65536,0.4,32,4,32,4,64,100,39.97,25.58
348,stream,65536,47,kernel_compute_cost,860882572.92,1286257713.16,110122,92.48,92.48,85568,26.93,33.12,102088.91,13.52,512,128,32,0,0,0,0,65536,0.4,32,4,32,4,64,100,39.89,25.53
349,stream,65536,48,kernel_compute_cost,863026462.91,1289461423.78,110775,91.91,91.91,85856,27.12,32.97,101371.91,13.45,512,128,32,0,0,0,0,65536,0.4,32,4,32,4,64,100,40.03,25.62
350,stream,65536,49,kernel_compute_cost,874627421.76,1306756085.44,112292,90.66,90.66,85888,27.11,32.47,101394.7,13.26,512,128,32,0,0,0,0,65536,0.4,32,4,32,4,64,100,39.94,25.56
351,stream,65536,50,kernel_compute_cost,862030494.61,1288013666.79,110882,91.85,91.85,86048,27.16,32.87,101233.4,13.43,512,128,32,0,0,0,0,65536,0.4,32,4,32,4,64,100,39.95,25.57
352,stream,65536,51,kernel_compute_cost,863023952.1,1289323696.36,110307,92.31,92.31,85504,27.29,33.08,100751.9,13.5,512,128,32,0,0,0,0,65536,0.4,32,4,32,4,64,100,40.1,25.66
353,stream,65536,52,kernel_compute_cost,851490614.65,1272313213.1,110668,92.04,92.04,86944,27.04,32.99,101691.5,13.46,512,128,32,0,0,0,0,65536,0.4,32,4,32,4,64,100,39.96,25.57
354,stream,65536,53,kernel_compute_cost,862345909.6,1288238544.39,110418,92.19,92.19,85664,27.02,33.04,101761.84,13.49,512,128,32,0,0,0,0,65536,0.4,32,4,32,4,64,100,39.91,25.55
355,stream,65536,54,kernel_compute_cost,874062968.52,1305731899.68,111554,91.26,91.26,85376,26.97,32.71,101944.21,13.35,512,128,32,0,0,0,0,65536,0.4,32,4,32,4,64,100,39.95,25.57
356,stream,65536,55,kernel_compute_cost,867131549.19,1295331935.54,110029,92.52,92.52,84896,27.13,33.22,101342.01,13.54,512,128,32,0,0,0,0,65536,0.4,32,4,32,4,64,100,40.02,25.61
357,stream,65536,56,kernel_compute_cost,863805970.15,1290420942.16,110724,91.94,91.94,85760,26.99,32.9,101855.75,13.45,512,128,32,0,0,0,0,65536,0.4,32,4,32,4,64,100,39.85,25.51
358,stream,65536,57,kernel_compute_cost,861048689.14,1286232053.68,109958,92.59,92.59,85440,27.01,33.17,101800.18,13.55,512,128,32,0,0,0,0,65536,0.4,32,4,32,4,64,100,39.87,25.52
359,stream,65536,58,kernel_compute_cost,878775009.44,1312659258.21,111344,91.43,91.43,84768,26.98,32.78,101886.81,13.38,512,128,32,0,0,0,0,65536,0.4,32,4,32,4,64,100,39.91,25.54
360,stream,65536,59,kernel_compute_cost,860677083.33,1285650344.12,110654,92.0,92.0,86016,26.85,32.94,102396.04,13.46,512,128,32,0,0,0,0,65536,0.4,32,4,32,4,64,100,39.82,25.49
361,stream,65536,60,kernel_compute_cost,871514694.8,1302077445.99,110636,92.01,92.01,84928,26.82,33.04,102508.24,13.46,512,128,32,0,0,0,0,65536,0.4,32,4,32,4,64,100,39.87,25.52
362,stream,65536,61,kernel_compute_cost,847558737.15,1266026523.49,110416,92.19,92.19,87168,27.18,33.09,101138.31,13.49,512,128,32,0,0,0,0,65536,0.4,32,4,32,4,64,100,39.96,25.58
363,stream,65536,62,kernel_compute_cost,889034923.02,1328054590.69,113232,89.92,89.92,85216,27.26,32.29,100846.62,13.15,512,128,32,0,0,0,0,65536,0.4,32,4,32,4,64,100,40.03,25.62
364,stream,65536,63,kernel_compute_cost,871214953.27,1301431074.77,111470,91.32,91.32,85600,27.05,32.7,101653.43,13.36,512,128,32,0,0,0,0,65536,0.4,32,4,32,4,64,100,39.84,25.5
365,stream,65536,64,kernel_compute_cost,862196020.63,1287909143.94,111924,90.95,90.95,86848,27.04,32.62,101665.21,13.31,512,128,32,0,0,0,0,65536,0.4,32,4,32,4,64,100,39.97,25.58
366,stream,65536,65,kernel_compute_cost,871958068.14,1302615671.41,111417,91.38,91.38,85472,27.14,32.77,101301.39,13.37,512,128,32,0,0,0,0,65536,0.4,32,4,32,4,64,100,39.99,25.59
367,stream,65536,66,kernel_compute_cost,882709665.29,1318787608.12,112279,90.7,90.7,85088,27.09,32.56,101485.11,13.27,512,128,32,0,0,0,0,65536,0.4,32,4,32,4,64,100,39.96,25.57
368,stream,65536,67,kernel_compute_cost,884137151.47,1320667702.84,112234,90.69,90.69,84928,27.18,32.58,101155.31,13.27,512,128,32,0,0,0,0,65536,0.4,32,4,32,4,64,100,40.02,25.62
369,stream,65536,68,kernel_compute_cost,846025878.0,1263886321.63,109461,93.01,93.01,86560,27.1,33.42,101440.44,13.61,512,128,32,0,0,0,0,65536,0.4,32,4,32,4,64,100,39.95,25.57
370,stream,65536,69,kernel_compute_cost,870190511.77,1300139693.06,111430,91.36,91.36,85664,27.09,32.78,101476.84,13.37,512,128,32,0,0,0,0,65536,0.4,32,4,32,4,64,100,39.93,25.56
371,stream,65536,70,kernel_compute_cost,869622641.51,1299390723.27,110249,92.37,92.37,84800,27.03,33.08,101712.85,13.51,512,128,32,0,0,0,0,65536,0.4,32,4,32,4,64,100,39.87,25.52
372,stream,65536,71,kernel_compute_cost,878680581.44,1312247639.46,112738,90.27,90.27,85856,27.01,32.36,101781.43,13.21,512,128,32,0,0,0,0,65536,0.4,32,4,32,4,64,100,39.91,25.54
373,stream,65536,72,kernel_compute_cost,861952861.95,1287551440.33,110195,92.37,92.37,85536,27.14,33.13,101304.02,13.52,512,128,32,0,0,0,0,65536,0.4,32,4,32,4,64,100,40.0,25.6
374,stream,65536,73,kernel_compute_cost,853672106.82,1275276644.41,110067,92.47,92.47,86272,27.0,33.17,101820.71,13.53,512,128,32,0,0,0,0,65536,0.4,32,4,32,4,64,100,39.96,25.57
375,stream,65536,74,kernel_compute_cost,864587224.51,1291598571.16,110735,91.95,91.95,85664,27.16,32.95,101221.49,13.45,512,128,32,0,0,0,0,65536,0.4,32,4,32,4,64,100,39.92,25.55
376,stream,65536,75,kernel_compute_cost,881920903.95,1317537664.78,112003,90.92,90.92,84960,27.02,32.66,101762.94,13.3,512,128,32,0,0,0,0,65536,0.4,32,4,32,4,64,100,39.96,25.58
377,stream,65536,76,kernel_compute_cost,855091383.81,1277593870.45,109664,92.85,92.85,85792,27.05,33.23,101633.19,13.58,512,128,32,0,0,0,0,65536,0.4,32,4,32,4,64,100,39.91,25.54
378,stream,65536,77,kernel_compute_cost,861654968.6,1287066324.96,111562,91.25,91.25,86624,26.95,32.73,102023.76,13.35,512,128,32,0,0,0,0,65536,0.4,32,4,32,4,64,100,39.9,25.53
379,stream,65536,78,kernel_compute_cost,864093959.73,1290468478.13,110823,91.86,91.86,85824,26.95,32.94,101997.86,13.44,512,128,32,0,0,0,0,65536,0.4,32,4,32,4,64,100,39.91,25.54
380,stream,65536,79,kernel_compute_cost,856085830.56,1278716164.14,110662,91.98,91.98,86496,27.1,33.07,101464.73,13.46,512,128,32,0,0,0,0,65536,0.4,32,4,32,4,64,100,39.94,25.56
381,stream,65536,80,kernel_compute_cost,861018208.84,1286344140.96,110827,91.85,91.85,86112,27.09,32.97,101483.93,13.44,512,128,32,0,0,0,0,65536,0.4,32,4,32,4,64,100,39.99,25.59
382,stream,65536,81,kernel_compute_cost,861193476.65,1286245984.68,111126,91.61,91.61,86336,27.14,32.9,101318.02,13.41,512,128,32,0,0,0,0,65536,0.4,32,4,32,4,64,100,40.01,25.61
383,stream,65536,82,kernel_compute_cost,855473098.33,1278370439.08,110301,92.37,92.37,86240,26.92,33.06,102131.04,13.5,512,128,32,0,0,0,0,65536,0.4,32,4,32,4,64,100,39.9,25.53
384,stream,65536,83,kernel_compute_cost,871014628.66,1301233511.5,111090,91.68,91.68,85312,27.18,32.87,101150.65,13.41,512,128,32,0,0,0,0,65536,0.4,32,4,32,4,64,100,39.98,25.59
385,stream,65536,84,kernel_compute_cost,868193766.43,1296888690.7,110577,92.05,92.05,85216,26.95,32.97,102003.4,13.47,512,128,32,0,0,0,0,65536,0.4,32,4,32,4,64,100,39.9,25.54
386,stream,65536,85,kernel_compute_cost,891222805.7,1331410977.74,113639,89.58,89.58,85312,26.98,32.2,101883.91,13.11,512,128,32,0,0,0,0,65536,0.4,32,4,32,4,64,100,39.91,25.54
387,stream,65536,86,kernel_compute_cost,864646084.34,1291496062.37,109834,92.75,92.75,84992,26.96,33.19,101983.38,13.56,512,128,32,0,0,0,0,65536,0.4,32,4,32,4,64,100,39.89,25.53
388,stream,65536,87,kernel_compute_cost,877344336.08,1310743701.55,111898,90.99,90.99,85312,27.05,32.67,101627.41,13.31,512,128,32,0,0,0,0,65536,0.4,32,4,32,4,64,100,39.96,25.58
389,stream,65536,88,kernel_compute_cost,853397341.21,1275016540.5,110552,92.13,92.13,86656,27.07,33.05,101565.98,13.47,512,128,32,0,0,0,0,65536,0.4,32,4,32,4,64,100,39.95,25.57
390,stream,65536,89,kernel_compute_cost,865803303.3,1293308933.93,110326,92.27,92.27,85248,26.99,33.09,101842.94,13.5,512,128,32,0,0,0,0,65536,0.4,32,4,32,4,64,100,39.9,25.54
391,stream,65536,90,kernel_compute_cost,878337720.95,1311943713.18,111705,91.14,91.14,85088,27.07,32.78,101561.91,13.34,512,128,32,0,0,0,0,65536,0.4,32,4,32,4,64,100,39.91,25.54
392,stream,65536,91,kernel_compute_cost,862159133.36,1288170448.89,110423,92.21,92.21,85664,26.98,33.12,101885.14,13.49,512,128,32,0,0,0,0,65536,0.4,32,4,32,4,64,100,39.94,25.56
393,stream,65536,92,kernel_compute_cost,863249444.86,1289490423.76,111554,91.25,91.25,86464,27.18,32.64,101135.54,13.35,512,128,32,0,0,0,0,65536,0.4,32,4,32,4,64,100,39.96,25.57
394,stream,65536,93,kernel_compute_cost,871693121.69,1302526218.82,110346,92.3,92.3,84672,27.08,33.03,101529.45,13.5,512,128,32,0,0,0,0,65536,0.4,32,4,32,4,64,100,39.94,25.56
395,stream,65536,94,kernel_compute_cost,857222222.22,1280736882.72,110717,91.97,91.97,86400,27.02,32.97,101756.85,13.45,512,128,32,0,0,0,0,65536,0.4,32,4,32,4,64,100,39.92,25.55
396,stream,65536,95,kernel_compute_cost,873916321.15,1305365780.88,110891,91.81,91.81,84896,26.92,32.89,102135.02,13.43,512,128,32,0,0,0,0,65536,0.4,32,4,32,4,64,100,39.89,25.53
397,stream,65536,96,kernel_compute_cost,872878959.28,1304025656.74,110739,91.93,91.93,84864,27.07,32.97,101570.77,13.45,512,128,32,0,0,0,0,65536,0.4,32,4,32,4,64,100,40.0,25.6
398,stream,65536,97,kernel_compute_cost,844903988.18,1262095719.47,109430,93.01,93.01,86656,27.04,33.4,101660.94,13.61,512,128,32,0,0,0,0,65536,0.4,32,4,32,4,64,100,39.95,25.57
399,stream,65536,98,kernel_compute_cost,860003725.78,1284673062.59,110409,92.21,92.21,85888,26.96,33.12,101984.93,13.49,512,128,32,0,0,0,0,65536,0.4,32,4,32,4,64,100,39.91,25.54
400,stream,65536,99,kernel_compute_cost,856166912.85,1279032419.37,110888,91.81,91.81,86656,27.05,32.95,101638.02,13.43,512,128,32,0,0,0,0,65536,0.4,32,4,32,4,64,100,39.95,25.57
401,stream,8192,0,kernel_compute_cost,804812834.22,1199740975.94,14372,24.59,24.59,11968,44.53,9.22,2154.51,3.33,512,16,32,0,0,0,0,8192,0.05,32,4,32,4,64,100,24.37,15.6
402,stream,8192,1,kernel_compute_cost,808625336.93,1204388477.09,14311,24.67,24.67,11872,45.44,9.26,2111.47,3.35,512,16,32,0,0,0,0,8192,0.05,32,4,32,4,64,100,24.33,15.57
403,stream,8192,2,kernel_compute_cost,805630026.81,1202929512.96,14368,24.63,24.63,11936,45.09,9.2,2127.95,3.33,512,16,32,0,0,0,0,8192,0.05,32,4,32,4,64,100,24.48,15.67
404,stream,8192,3,kernel_compute_cost,782666666.67,1167305555.56,14018,25.21,25.21,12000,45.27,9.45,2119.49,3.42,512,16,32,0,0,0,0,8192,0.05,32,4,32,4,64,100,24.35,15.58
405,stream,8192,4,kernel_compute_cost,800202156.33,1191795822.1,14162,25.27,25.27,11872,46.17,9.54,2105.94,3.38,512,16,32,0,0,0,0,8192,0.05,32,4,32,4,64,100,24.68,15.8
406,stream,8192,5,kernel_compute_cost,775850785.34,1157886125.65,14171,25.31,25.31,12224,45.57,9.59,2133.91,3.38,512,16,32,0,0,0,0,8192,0.05,32,4,32,4,64,100,24.55,15.71
407,stream,8192,6,kernel_compute_cost,792452830.19,1183625336.93,14066,25.51,25.51,11872,46.15,9.58,2107.14,3.4,512,16,32,0,0,0,0,8192,0.05,32,4,32,4,64,100,24.69,15.8
408,stream,8192,7,kernel_compute_cost,767333333.33,1143583333.33,13739,26.07,26.07,12000,46.32,9.86,2099.53,3.49,512,16,32,0,0,0,0,8192,0.05,32,4,32,4,64,100,24.68,15.8
409,stream,8192,8,kernel_compute_cost,794666666.67,1183597222.22,14215,25.17,25.17,12000,45.32,9.44,2145.56,3.37,512,16,32,0,0,0,0,8192,0.05,32,4,32,4,64,100,24.68,15.8
410,stream,8192,9,kernel_compute_cost,830067567.57,1239076576.58,14683,24.42,24.42,11840,45.97,9.19,2115.47,3.26,512,16,32,0,0,0,0,8192,0.05,32,4,32,4,64,100,24.71,15.81
411,stream,8192,10,kernel_compute_cost,824797843.67,1231356693.62,14628,24.51,24.51,11872,46.47,9.27,2092.39,3.27,512,16,32,0,0,0,0,8192,0.05,32,4,32,4,64,100,24.69,15.8
412,stream,8192,11,kernel_compute_cost,789972899.73,1176518744.35,13902,25.73,25.73,11808,45.36,9.71,2143.86,3.44,512,16,32,0,0,0,0,8192,0.05,32,4,32,4,64,100,24.72,15.82
413,stream,8192,12,kernel_compute_cost,809366754.62,1206065853.12,14636,24.45,24.45,12128,45.38,9.16,2142.75,3.27,512,16,32,0,0,0,0,8192,0.05,32,4,32,4,64,100,24.64,15.77
414,stream,8192,13,kernel_compute_cost,772845953.0,1152959094.87,14140,25.34,25.34,12256,47.14,9.52,2062.96,3.39,512,16,32,0,0,0,0,8192,0.05,32,4,32,4,64,100,24.65,15.78
415,stream,8192,14,kernel_compute_cost,777631578.95,1160334429.82,14124,25.38,25.38,12160,45.53,9.48,2135.93,3.39,512,16,32,0,0,0,0,8192,0.05,32,4,32,4,64,100,24.54,15.71
416,stream,8192,15,kernel_compute_cost,810958904.11,1208190639.27,14122,25.34,25.34,11680,45.77,9.51,2124.36,3.39,512,16,32,0,0,0,0,8192,0.05,32,4,32,4,64,100,24.74,15.83
417,stream,8192,16,kernel_compute_cost,801061007.96,1194794429.71,14426,24.84,24.84,12064,46.41,9.45,2095.01,3.32,512,16,32,0,0,0,0,8192,0.05,32,4,32,4,64,100,24.26,15.52
418,stream,8192,17,kernel_compute_cost,776455026.46,1159212411.82,14037,25.21,25.21,12096,46.0,9.43,2085.72,3.41,512,16,32,0,0,0,0,8192,0.05,32,4,32,4,64,100,24.5,15.68
419,stream,8192,18,kernel_compute_cost,800539083.56,1193873539.98,14185,24.92,24.92,11872,44.94,9.28,2134.99,3.38,512,16,32,0,0,0,0,8192,0.05,32,4,32,4,64,100,24.62,15.76
420,stream,8192,19,kernel_compute_cost,757142857.14,1129153138.53,13923,25.39,25.39,12320,45.47,9.5,2110.16,3.44,512,16,32,0,0,0,0,8192,0.05,32,4,32,4,64,100,24.43,15.64
421,stream,8192,20,kernel_compute_cost,776385224.27,1159232080.04,14075,25.15,25.15,12128,45.53,9.42,2107.35,3.4,512,16,32,0,0,0,0,8192,0.05,32,4,32,4,64,100,24.34,15.58
422,stream,8192,21,kernel_compute_cost,802168021.68,1196124096.66,14140,25.0,25.0,11808,44.55,9.33,2153.64,3.39,512,16,32,0,0,0,0,8192,0.05,32,4,32,4,64,100,24.68,15.8
423,stream,8192,22,kernel_compute_cost,836065573.77,1247011612.02,14614,24.18,24.18,11712,44.18,9.0,2171.35,3.28,512,16,32,0,0,0,0,8192,0.05,32,4,32,4,64,100,24.69,15.8
424,stream,8192,23,kernel_compute_cost,769841269.84,1146356922.4,13876,25.43,25.43,12096,45.72,9.54,2098.26,3.45,512,16,32,0,0,0,0,8192,0.05,32,4,32,4,64,100,24.42,15.63
425,stream,8192,24,kernel_compute_cost,780487804.88,1162968608.85,13744,25.7,25.7,11808,46.15,9.53,2078.78,3.48,512,16,32,0,0,0,0,8192,0.05,32,4,32,4,64,100,24.61,15.75
426,stream,8192,25,kernel_compute_cost,808823529.41,1205353163.99,14436,24.46,24.46,11968,45.56,9.15,2105.99,3.32,512,16,32,0,0,0,0,8192,0.05,32,4,32,4,64,100,24.61,15.75
427,stream,8192,26,kernel_compute_cost,774728997.29,1155149051.49,13652,25.89,25.89,11808,45.49,9.63,2108.9,3.51,512,16,32,0,0,0,0,8192,0.05,32,4,32,4,64,100,24.72,15.82
428,stream,8192,27,kernel_compute_cost,769356955.38,1147186679.79,13998,25.25,25.25,12192,45.33,9.46,2116.41,3.42,512,16,32,0,0,0,0,8192,0.05,32,4,32,4,64,100,24.22,15.5
429,stream,8192,28,kernel_compute_cost,798913043.48,1191689311.59,14051,25.17,25.17,11776,44.84,9.4,2139.49,3.41,512,16,32,0,0,0,0,8192,0.05,32,4,32,4,64,100,24.5,15.68
430,stream,8192,29,kernel_compute_cost,772368421.05,1150479714.91,14002,25.21,25.21,12160,45.25,9.44,2120.31,3.42,512,16,32,0,0,0,0,8192,0.05,32,4,32,4,64,100,24.47,15.66
431,stream,8192,30,kernel_compute_cost,785714285.71,1173707561.73,14209,24.92,24.92,12096,44.69,9.29,2146.65,3.37,512,16,32,0,0,0,0,8192,0.05,32,4,32,4,64,100,24.44,15.64
432,stream,8192,31,kernel_compute_cost,748421717.17,1115398779.46,14149,24.97,24.97,12672,45.64,9.36,2101.88,3.38,512,16,32,0,0,0,0,8192,0.05,32,4,32,4,64,100,24.16,15.46
433,stream,8192,32,kernel_compute_cost,813172043.01,1212813620.07,14450,24.46,24.46,11904,46.41,9.12,2067.43,3.31,512,16,32,0,0,0,0,8192,0.05,32,4,32,4,64,100,24.73,15.83
434,stream,8192,33,kernel_compute_cost,784000000.0,1170236111.11,14058,25.17,25.17,12000,45.22,9.35,2121.78,3.41,512,16,32,0,0,0,0,8192,0.05,32,4,32,4,64,100,24.75,15.84
435,stream,8192,34,kernel_compute_cost,801587301.59,1195946318.34,14476,24.42,24.42,12096,45.15,9.1,2124.91,3.31,512,16,32,0,0,0,0,8192,0.05,32,4,32,4,64,100,24.63,15.76
436,stream,8192,35,kernel_compute_cost,788203753.35,1175309986.6,14042,25.17,25.17,11936,44.96,9.36,2134.1,3.41,512,16,32,0,0,0,0,8192,0.05,32,4,32,4,64,100,24.6,15.74
437,stream,8192,36,kernel_compute_cost,798913043.48,1190825973.73,14037,25.17,25.17,11776,46.6,9.42,2058.89,3.41,512,16,32,0,0,0,0,8192,0.05,32,4,32,4,64,100,24.58,15.73
438,stream,8192,37,kernel_compute_cost,809333333.33,1207597222.22,14501,24.38,24.38,12000,46.08,9.14,2082.12,3.3,512,16,32,0,0,0,0,8192,0.05,32,4,32,4,64,100,24.24,15.51
439,stream,8192,38,kernel_compute_cost,796246648.79,1185838360.14,14166,24.92,24.92,11936,47.02,9.3,2040.41,3.38,512,16,32,0,0,0,0,8192,0.05,32,4,32,4,64,100,24.75,15.84
440,stream,8192,39,kernel_compute_cost,816711590.3,1217486522.91,14464,24.42,24.42,11872,44.47,9.12,2157.56,3.31,512,16,32,0,0,0,0,8192,0.05,32,4,32,4,64,100,24.62,15.76
441,stream,8192,40,kernel_compute_cost,791443850.27,1180272393.05,14137,25.0,25.0,11968,45.1,9.26,2127.45,3.39,512,16,32,0,0,0,0,8192,0.05,32,4,32,4,64,100,24.66,15.78
442,stream,8192,41,kernel_compute_cost,825542005.42,1230832204.16,14548,24.29,24.29,11808,46.7,9.09,2054.38,3.29,512,16,32,0,0,0,0,8192,0.05,32,4,32,4,64,100,24.55,15.71
443,stream,8192,42,kernel_compute_cost,815318302.39,1215503426.17,14675,24.08,24.08,12064,45.38,8.99,2114.34,3.26,512,16,32,0,0,0,0,8192,0.05,32,4,32,4,64,100,24.66,15.78
444,stream,8192,43,kernel_compute_cost,806451612.9,1204231070.79,14346,24.67,24.67,11904,44.45,9.2,2158.49,3.34,512,16,32,0,0,0,0,8192,0.05,32,4,32,4,64,100,24.52,15.69
445,stream,8192,44,kernel_compute_cost,757614213.2,1130036484.77,14257,24.79,24.79,12608,45.0,9.26,2132.07,3.36,512,16,32,0,0,0,0,8192,0.05,32,4,32,4,64,100,24.51,15.69
446,stream,8192,45,kernel_compute_cost,786666666.67,1173958333.33,14095,25.09,25.09,12000,45.46,9.36,2110.46,3.4,512,16,32,0,0,0,0,8192,0.05,32,4,32,4,64,100,24.63,15.76
447,stream,8192,46,kernel_compute_cost,799457994.58,1193343495.93,14102,25.09,25.09,11808,46.35,9.35,2070.12,3.4,512,16,32,0,0,0,0,8192,0.05,32,4,32,4,64,100,24.64,15.77
448,stream,8192,47,kernel_compute_cost,795454545.45,1186998663.1,14218,24.88,24.88,11968,46.16,9.22,2078.61,3.37,512,16,32,0,0,0,0,8192,0.05,32,4,32,4,64,100,24.7,15.81
449,stream,8192,48,kernel_compute_cost,778975741.24,1161711028.75,13801,25.61,25.61,11872,45.29,9.58,2118.19,3.47,512,16,32,0,0,0,0,8192,0.05,32,4,32,4,64,100,24.47,15.66
450,stream,8192,49,kernel_compute_cost,785135135.14,1169298986.49,13854,25.48,25.48,11840,45.64,9.57,2102.11,3.46,512,16,32,0,0,0,0,8192,0.05,32,4,32,4,64,100,24.34,15.58
451,stream,8192,50,kernel_compute_cost,801333333.33,1195541666.67,14358,24.63,24.63,12000,45.11,9.21,2126.86,3.33,512,16,32,0,0,0,0,8192,0.05,32,4,32,4,64,100,24.41,15.63
452,stream,8192,51,kernel_compute_cost,807795698.92,1206611223.12,14379,24.63,24.63,11904,44.5,9.18,2155.79,3.33,512,16,32,0,0,0,0,8192,0.05,32,4,32,4,64,100,24.62,15.76
453,stream,8192,52,kernel_compute_cost,803666666.67,1200111111.11,14418,24.56,24.56,12000,45.02,9.15,2130.9,3.32,512,16,32,0,0,0,0,8192,0.05,32,4,32,4,64,100,24.67,15.79
454,stream,8192,53,kernel_compute_cost,803619302.95,1197553619.3,14303,24.69,24.69,11936,45.01,9.22,2131.4,3.35,512,16,32,0,0,0,0,8192,0.05,32,4,32,4,64,100,24.67,15.79
455,stream,8192,54,kernel_compute_cost,797587131.37,1189496760.5,14206,24.88,24.88,11936,46.67,9.25,2055.62,3.37,512,16,32,0,0,0,0,8192,0.05,32,4,32,4,64,100,24.74,15.84
456,stream,8192,55,kernel_compute_cost,819333333.33,1222388888.89,14681,24.09,24.09,12000,44.65,8.96,2148.9,3.26,512,16,32,0,0,0,0,8192,0.05,32,4,32,4,64,100,24.65,15.78
457,stream,8192,56,kernel_compute_cost,785907859.08,1171253952.12,13844,25.52,25.52,11808,44.79,9.51,2142.06,3.46,512,16,32,0,0,0,0,8192,0.05,32,4,32,4,64,100,24.6,15.74
458,stream,8192,57,kernel_compute_cost,783018867.92,1166947439.35,13859,25.48,25.48,11872,45.92,9.48,2089.5,3.45,512,16,32,0,0,0,0,8192,0.05,32,4,32,4,64,100,24.74,15.83
459,stream,8192,58,kernel_compute_cost,778947368.42,1162308114.04,14147,25.0,25.0,12160,45.71,9.37,2098.93,3.38,512,16,32,0,0,0,0,8192,0.05,32,4,32,4,64,100,24.35,15.59
460,stream,8192,59,kernel_compute_cost,761479591.84,1137356505.1,14282,24.79,24.79,12544,46.49,9.27,2063.54,3.35,512,16,32,0,0,0,0,8192,0.05,32,4,32,4,64,100,24.39,15.61
461,stream,8192,60,kernel_compute_cost,794117647.06,1184199532.09,14182,24.92,24.92,11968,45.53,9.34,2107.41,3.38,512,16,32,0,0,0,0,8192,0.05,32,4,32,4,64,100,24.2,15.48
462,stream,8192,61,kernel_compute_cost,808943089.43,1207486449.86,14268,24.79,24.79,11808,45.87,9.21,2091.75,3.36,512,16,32,0,0,0,0,8192,0.05,32,4,32,4,64,100,24.71,15.81
463,stream,8192,62,kernel_compute_cost,820754716.98,1225025269.54,14552,24.3,24.3,11872,43.99,9.03,2180.81,3.29,512,16,32,0,0,0,0,8192,0.05,32,4,32,4,64,100,24.64,15.77
464,stream,8192,63,kernel_compute_cost,770025839.79,1147798234.28,14223,24.83,24.83,12384,45.49,9.25,2109.04,3.37,512,16,32,0,0,0,0,8192,0.05,32,4,32,4,64,100,24.67,15.79
465,stream,8192,64,kernel_compute_cost,806970509.38,1203837131.37,14380,24.59,24.59,11936,45.21,9.21,2122.06,3.33,512,16,32,0,0,0,0,8192,0.05,32,4,32,4,64,100,24.27,15.53
466,stream,8192,65,kernel_compute_cost,795945945.95,1187021396.4,14064,25.13,25.13,11840,45.41,9.35,2112.55,3.4,512,16,32,0,0,0,0,8192,0.05,32,4,32,4,64,100,24.61,15.75
467,stream,8192,66,kernel_compute_cost,787234042.55,1174049756.21,14138,25.0,25.0,12032,45.51,9.3,2108.01,3.39,512,16,32,0,0,0,0,8192,0.05,32,4,32,4,64,100,24.74,15.84
468,stream,8192,67,kernel_compute_cost,768236074.27,1147283930.15,13855,25.55,25.55,12064,45.43,9.54,2111.76,3.46,512,16,32,0,0,0,0,8192,0.05,32,4,32,4,64,100,24.48,15.67
469,stream,8192,68,kernel_compute_cost,823529411.76,1230684603.39,14736,24.03,24.03,11968,44.89,8.93,2137.34,3.25,512,16,32,0,0,0,0,8192,0.05,32,4,32,4,64,100,24.6,15.75
470,stream,8192,69,kernel_compute_cost,774662162.16,1156601914.41,13701,25.82,25.82,11840,45.87,9.66,2091.59,3.49,512,16,32,0,0,0,0,8192,0.05,32,4,32,4,64,100,24.34,15.58
471,stream,8192,70,kernel_compute_cost,790789473.68,1179413377.19,14356,24.63,24.63,12160,45.25,9.22,2120.24,3.34,512,16,32,0,0,0,0,8192,0.05,32,4,32,4,64,100,24.5,15.68
472,stream,8192,71,kernel_compute_cost,799731182.8,1193604390.68,14223,24.88,24.88,11904,45.16,9.26,2124.3,3.37,512,16,32,0,0,0,0,8192,0.05,32,4,32,4,64,100,24.74,15.84
473,stream,8192,72,kernel_compute_cost,779666666.67,1162125000.0,13955,25.31,25.31,12000,45.39,9.49,2113.56,3.43,512,16,32,0,0,0,0,8192,0.05,32,4,32,4,64,100,24.33,15.57
474,stream,8192,73,kernel_compute_cost,780104712.04,1164198843.8,14247,24.83,24.83,12224,45.66,9.26,2101.36,3.36,512,16,32,0,0,0,0,8192,0.05,32,4,32,4,64,100,24.76,15.85
475,stream,8192,74,kernel_compute_cost,808268229.17,1204616970.49,14811,23.84,23.84,12288,45.09,8.94,2127.82,3.23,512,16,32,0,0,0,0,8192,0.05,32,4,32,4,64,100,24.31,15.56
476,stream,8192,75,kernel_compute_cost,800000000.0,1194472222.22,14349,24.67,24.67,12000,47.33,9.18,2027.19,3.34,512,16,32,0,0,0,0,8192,0.05,32,4,32,4,64,100,24.71,15.81
477,stream,8192,76,kernel_compute_cost,785522788.2,1170743967.83,13991,25.26,25.26,11936,46.12,9.45,2080.0,3.42,512,16,32,0,0,0,0,8192,0.05,32,4,32,4,64,100,24.6,15.74
478,stream,8192,77,kernel_compute_cost,802168021.68,1196829832.88,14141,25.0,25.0,11808,44.2,9.29,2170.54,3.39,512,16,32,0,0,0,0,8192,0.05,32,4,32,4,64,100,24.72,15.82
479,stream,8192,78,kernel_compute_cost,818801089.92,1222368869.21,14366,24.63,24.63,11744,44.11,9.16,2175.07,3.33,512,16,32,0,0,0,0,8192,0.05,32,4,32,4,64,100,24.61,15.75
480,stream,8192,79,kernel_compute_cost,800603217.16,1194453753.35,14275,24.78,24.78,11936,45.17,9.27,2123.79,3.36,512,16,32,0,0,0,0,8192,0.05,32,4,32,4,64,100,24.51,15.69
481,stream,8192,80,kernel_compute_cost,761394101.88,1133727100.09,13540,26.06,26.06,11936,45.42,9.74,2112.32,3.54,512,16,32,0,0,0,0,8192,0.05,32,4,32,4,64,100,24.63,15.77
482,stream,8192,81,kernel_compute_cost,786279683.38,1174101253.3,14253,24.84,24.84,12128,45.65,9.21,2101.47,3.36,512,16,32,0,0,0,0,8192,0.05,32,4,32,4,64,100,24.69,15.8
483,stream,8192,82,kernel_compute_cost,797843665.77,1189282906.56,14128,25.0,25.0,11872,46.28,9.31,2072.95,3.39,512,16,32,0,0,0,0,8192,0.05,32,4,32,4,64,100,24.74,15.83
484,stream,8192,83,kernel_compute_cost,810298102.98,1208926151.76,14290,24.75,24.75,11808,46.24,9.18,2074.78,3.35,512,16,32,0,0,0,0,8192,0.05,32,4,32,4,64,100,24.64,15.77
485,stream,8192,84,kernel_compute_cost,781578947.37,1166159539.47,14194,24.92,24.92,12160,46.38,9.25,2068.47,3.37,512,16,32,0,0,0,0,8192,0.05,32,4,32,4,64,100,24.76,15.84
486,stream,8192,85,kernel_compute_cost,808333333.33,1205309606.48,13896,25.43,25.43,11520,47.25,9.3,2030.46,3.42,512,16,32,0,0,0,0,8192,0.05,32,4,32,4,64,100,24.66,15.78
487,stream,8192,86,kernel_compute_cost,798913043.48,1191745923.91,14051,25.17,25.17,11776,46.65,9.42,2056.57,3.41,512,16,32,0,0,0,0,8192,0.05,32,4,32,4,64,100,24.52,15.69
488,stream,8192,87,kernel_compute_cost,810958904.11,1209974315.07,14146,25.0,25.0,11680,45.15,9.31,2124.85,3.39,512,16,32,0,0,0,0,8192,0.05,32,4,32,4,64,100,24.73,15.83
489,stream,8192,88,kernel_compute_cost,796000000.0,1188402777.78,14273,24.79,24.79,12000,44.89,9.27,2137.03,3.35,512,16,32,0,0,0,0,8192,0.05,32,4,32,4,64,100,24.39,15.61
490,stream,8192,89,kernel_compute_cost,812500000.0,1211008265.4,14270,24.75,24.75,11776,47.16,9.28,2034.24,3.35,512,16,32,0,0,0,0,8192,0.05,32,4,32,4,64,100,24.37,15.6
491,stream,8192,90,kernel_compute_cost,794195250.66,1184586631.49,14379,24.59,24.59,12128,45.66,9.17,2101.04,3.33,512,16,32,0,0,0,0,8192,0.05,32,4,32,4,64,100,24.65,15.77
492,stream,8192,91,kernel_compute_cost,816734417.34,1218354787.71,14400,24.56,24.56,11808,44.91,9.14,2136.22,3.33,512,16,32,0,0,0,0,8192,0.05,32,4,32,4,64,100,24.66,15.78
493,stream,8192,92,kernel_compute_cost,779729729.73,1161824324.32,13768,25.65,25.65,11840,45.57,9.61,2105.55,3.48,512,16,32,0,0,0,0,8192,0.05,32,4,32,4,64,100,24.33,15.57
494,stream,8192,93,kernel_compute_cost,787958115.18,1176428883.07,14392,24.59,24.59,12224,46.34,9.1,2070.19,3.33,512,16,32,0,0,0,0,8192,0.05,32,4,32,4,64,100,24.66,15.78
495,stream,8192,94,kernel_compute_cost,802702702.7,1195509572.07,14165,24.92,24.92,11840,45.63,9.33,2102.76,3.38,512,16,32,0,0,0,0,8192,0.05,32,4,32,4,64,100,24.56,15.72
496,stream,8192,95,kernel_compute_cost,791888297.87,1180213874.11,14217,24.85,24.85,12032,45.88,9.25,2091.11,3.37,512,16,32,0,0,0,0,8192,0.05,32,4,32,4,64,100,24.68,15.8
497,stream,8192,96,kernel_compute_cost,775065963.06,1156607299.91,14037,25.19,25.19,12128,45.7,9.44,2099.32,3.41,512,16,32,0,0,0,0,8192,0.05,32,4,32,4,64,100,24.26,15.52
498,stream,8192,97,kernel_compute_cost,772546419.1,1153183023.87,13925,25.41,25.41,12064,45.21,9.48,2122.15,3.44,512,16,32,0,0,0,0,8192,0.05,32,4,32,4,64,100,24.63,15.77
499,stream,8192,98,kernel_compute_cost,819178082.19,1222702625.57,14297,24.75,24.75,11680,46.06,9.25,2082.76,3.35,512,16,32,0,0,0,0,8192,0.05,32,4,32,4,64,100,24.51,15.69
500,stream,8192,99,kernel_compute_cost,809782608.7,1209437273.55,14256,24.83,24.83,11776,44.87,9.26,2138.41,3.36,512,16,32,0,0,0,0,8192,0.05,32,4,32,4,64,100,24.6,15.75
