No,InputData,Kernel,Data,DataID,DRAMFrequency,SMFrequency,ElapsedCycles,MemoryPercentage,SOLDRAM,Duration,SOLL1/TEXCache,SOLL2Cache,SMActiveCycles,SMPercentage,BlockSize,GridSize,RegistersPerThread,SharedMemoryConfigurationSize,DriverSharedMemoryPerBlock,DynamicSharedMemoryPerBlock,StaticSharedMemoryPerBlock,Threads,WavesPerSM,BlockLimitSM,BlockLimitRegisters,BlockLimitSharedMem,BlockLimitWarps,TheoreticalActiveWarpsperSM,TheoreticalOccupancy,AchievedOccupancy,AchievedActiveWarpsPerSM,variant,BeginAddr,EndAddr,DataSize,CPUPageFault,GPUPagePault,HtoD,DtoH,RemoteMap,label
1,256,needle_cuda_shared_1,referrence,0,612917186.84625,916586002.8925,10273.0625,0.7793749999999999,0.3725000000000001,11206.0,10.749999999999998,0.35125,745.7918749999999,0.26875,16.0,8.5,32.0,98304.0,0.0,0.0,2180.0,136.0,0.0025,32.0,64.0,42.0,64.0,32.0,50.0,1.5599999999999998,1.0,11,0x200060000000,0x200060040804,264196,2,19,320.0,0.0,0.0,0
2,256,needle_cuda_shared_1,input_itemsets,1,612917186.84625,916586002.8925,10273.0625,0.7793749999999999,0.3725000000000001,11206.0,10.749999999999998,0.35125,745.7918749999999,0.26875,16.0,8.5,32.0,98304.0,0.0,0.0,2180.0,136.0,0.0025,32.0,64.0,42.0,64.0,32.0,50.0,1.5599999999999998,1.0,11,0x200060040a00,0x200060081204,264196,3,7,256.0,0.0,0.0,0
3,256,needle_cuda_shared_2,referrence,0,622413958.4073334,930536304.8066666,10365.466666666667,0.7279999999999999,0.3493333333333333,11138.133333333333,10.721333333333332,0.33066666666666666,703.9119999999998,0.25066666666666665,16.0,8.0,32.0,98304.0,0.0,0.0,2180.0,128.0,0.002,32.0,64.0,42.0,64.0,32.0,50.0,1.5599999999999998,1.0,11,0x200060000000,0x200060040804,264196,2,19,320.0,0.0,0.0,0
4,256,needle_cuda_shared_2,input_itemsets,1,622413958.4073334,930536304.8066666,10365.466666666667,0.7279999999999999,0.3493333333333333,11138.133333333333,10.721333333333332,0.33066666666666666,703.9119999999998,0.25066666666666665,16.0,8.0,32.0,98304.0,0.0,0.0,2180.0,128.0,0.002,32.0,64.0,42.0,64.0,32.0,50.0,1.5599999999999998,1.0,11,0x200060040a00,0x200060081204,264196,3,7,256.0,0.0,0.0,3
5,512,needle_cuda_shared_1,referrence,0,615535634.2284374,920705276.0796877,10284.375,1.510625,0.7203124999999999,11169.0,10.781875,0.495625,1442.1990625000005,0.5215625,16.0,16.5,32.0,98304.0,0.0,0.0,2180.0,264.0,0.006250000000000001,32.0,64.0,42.0,64.0,32.0,50.0,1.5600000000000005,1.0,11,0x200060000000,0x200060101004,1052676,6,23,1088.0,0.0,0.0,0
6,512,needle_cuda_shared_1,input_itemsets,1,615535634.2284374,920705276.0796877,10284.375,1.510625,0.7203124999999999,11169.0,10.781875,0.495625,1442.1990625000005,0.5215625,16.0,16.5,32.0,98304.0,0.0,0.0,2180.0,264.0,0.006250000000000001,32.0,64.0,42.0,64.0,32.0,50.0,1.5600000000000005,1.0,11,0x200060200000,0x200060301004,1052676,6,5,1088.0,0.0,0.0,0
7,512,needle_cuda_shared_2,referrence,0,620427603.6522582,927793908.2361289,10313.58064516129,1.4629032258064514,0.6987096774193549,11114.322580645161,10.763548387096774,0.4838709677419355,1403.0303225806454,0.5054838709677419,16.0,16.0,32.0,98304.0,0.0,0.0,2180.0,256.0,0.006129032258064517,32.0,64.0,42.0,64.0,32.0,50.0,1.5600000000000005,1.0,11,0x200060000000,0x200060101004,1052676,6,23,1088.0,0.0,0.0,0
8,512,needle_cuda_shared_2,input_itemsets,1,620427603.6522582,927793908.2361289,10313.58064516129,1.4629032258064514,0.6987096774193549,11114.322580645161,10.763548387096774,0.4838709677419355,1403.0303225806454,0.5054838709677419,16.0,16.0,32.0,98304.0,0.0,0.0,2180.0,256.0,0.006129032258064517,32.0,64.0,42.0,64.0,32.0,50.0,1.5600000000000005,1.0,11,0x200060200000,0x200060301004,1052676,6,5,1088.0,0.0,0.0,3
9,768,needle_cuda_shared_1,referrence,0,617796465.0604168,923816027.8087498,10399.958333333334,2.2218750000000003,1.0552083333333335,11256.0,10.750208333333333,0.7004166666666666,2160.0420833333333,0.765,16.0,24.5,32.0,98304.0,0.0,0.0,2180.0,392.0,0.009583333333333338,32.0,64.0,42.0,64.0,32.0,50.0,1.5600000000000012,1.0,11,0x200060000000,0x200060241804,2365444,9,74,2368.0,0.0,0.0,0
10,768,needle_cuda_shared_1,input_itemsets,1,617796465.0604168,923816027.8087498,10399.958333333334,2.2218750000000003,1.0552083333333335,11256.0,10.750208333333333,0.7004166666666666,2160.0420833333333,0.765,16.0,24.5,32.0,98304.0,0.0,0.0,2180.0,392.0,0.009583333333333338,32.0,64.0,42.0,64.0,32.0,50.0,1.5600000000000012,1.0,11,0x200060400000,0x200060641804,2365444,9,66,2368.0,0.0,0.0,0
11,768,needle_cuda_shared_2,referrence,0,624995084.6623403,934829634.0078725,10458.297872340423,2.1638297872340417,1.0289361702127655,11186.382978723403,10.72127659574468,0.6819148936170214,2119.0089361702126,0.7461702127659574,16.0,24.0,32.0,98304.0,0.0,0.0,2180.0,384.0,0.00936170212765958,32.0,64.0,42.0,64.0,32.0,50.0,1.5600000000000012,1.0,11,0x200060000000,0x200060241804,2365444,9,74,2368.0,0.0,0.0,3
12,768,needle_cuda_shared_2,input_itemsets,1,624995084.6623403,934829634.0078725,10458.297872340423,2.1638297872340417,1.0289361702127655,11186.382978723403,10.72127659574468,0.6819148936170214,2119.0089361702126,0.7461702127659574,16.0,24.0,32.0,98304.0,0.0,0.0,2180.0,384.0,0.00936170212765958,32.0,64.0,42.0,64.0,32.0,50.0,1.5600000000000012,1.0,11,0x200060400000,0x200060641804,2365444,9,66,2368.0,0.0,0.0,4
13,1024,needle_cuda_shared_1,referrence,0,617796239.7723438,923766998.0685931,10389.484375,2.9421875,1.4006249999999998,11245.5,10.806562500000005,0.8039062500000002,2834.75140625,1.0170312500000005,16.0,32.5,32.0,98304.0,0.0,0.0,2180.0,520.0,0.012343750000000007,32.0,64.0,42.0,64.0,32.0,50.0,1.5600000000000014,1.0,11,0x200060000000,0x200060402004,4202500,13,28,4160.0,0.0,0.0,0
14,1024,needle_cuda_shared_1,input_itemsets,1,617796239.7723438,923766998.0685931,10389.484375,2.9421875,1.4006249999999998,11245.5,10.806562500000005,0.8039062500000002,2834.75140625,1.0170312500000005,16.0,32.5,32.0,98304.0,0.0,0.0,2180.0,520.0,0.012343750000000007,32.0,64.0,42.0,64.0,32.0,50.0,1.5600000000000014,1.0,11,0x200060600000,0x200060a02004,4202500,13,12,4160.0,0.0,0.0,0
15,1024,needle_cuda_shared_2,referrence,0,619171539.3825,925600700.2711114,10413.333333333334,4.121666666666666,1.9627777777777784,11249.777777777776,10.837777777777779,1.0691666666666662,3960.183888888888,1.4266666666666663,16.0,45.5,32.0,98304.0,0.0,0.0,2180.0,728.0,0.01694444444444445,32.0,64.0,42.0,64.0,32.0,50.0,1.5600000000000007,1.0,11,0x200060000000,0x200060402004,4202500,13,28,4160.0,0.0,0.0,0
16,1024,needle_cuda_shared_2,input_itemsets,1,619171539.3825,925600700.2711114,10413.333333333334,4.121666666666666,1.9627777777777784,11249.777777777776,10.837777777777779,1.0691666666666662,3960.183888888888,1.4266666666666663,16.0,45.5,32.0,98304.0,0.0,0.0,2180.0,728.0,0.01694444444444445,32.0,64.0,42.0,64.0,32.0,50.0,1.5600000000000007,1.0,11,0x200060600000,0x200060a02004,4202500,13,12,4160.0,0.0,0.0,6
17,1280,needle_cuda_shared_1,referrence,0,623388277.7888749,932227563.766375,10556.1,3.6118749999999986,1.7103750000000002,11320.8,10.648625,1.0185000000000002,3628.682625,1.2423750000000002,16.0,40.5,32.0,98304.0,0.0,0.0,2180.0,648.0,0.01587500000000001,32.0,64.0,42.0,64.0,32.0,50.0,1.5600000000000016,1.0,11,0x200060000000,0x200060642804,6563844,21,129,6464.0,0.0,0.0,0
18,1280,needle_cuda_shared_1,input_itemsets,1,623388277.7888749,932227563.766375,10556.1,3.6118749999999986,1.7103750000000002,11320.8,10.648625,1.0185000000000002,3628.682625,1.2423750000000002,16.0,40.5,32.0,98304.0,0.0,0.0,2180.0,648.0,0.01587500000000001,32.0,64.0,42.0,64.0,32.0,50.0,1.5600000000000016,1.0,11,0x200060800000,0x200060e42804,6563844,21,144,6464.0,0.0,0.0,0
19,1280,needle_cuda_shared_2,referrence,0,633877192.6800001,947551689.3715,10746.95,6.1265,2.9045,11339.2,10.5095,1.584,6265.918000000001,2.1094999999999997,16.0,69.5,32.0,98304.0,0.0,0.0,2180.0,1112.0,0.028000000000000014,32.0,64.0,42.0,64.0,32.0,50.0,1.5599999999999996,1.0,11,0x200060000000,0x200060642804,6563844,21,129,6464.0,0.0,0.0,3
20,1280,needle_cuda_shared_2,input_itemsets,1,633877192.6800001,947551689.3715,10746.95,6.1265,2.9045,11339.2,10.5095,1.584,6265.918000000001,2.1094999999999997,16.0,69.5,32.0,98304.0,0.0,0.0,2180.0,1112.0,0.028000000000000014,32.0,64.0,42.0,64.0,32.0,50.0,1.5599999999999996,1.0,11,0x200060800000,0x200060e42804,6563844,21,144,6464.0,0.0,0.0,5
21,1536,needle_cuda_shared_1,referrence,0,623793900.6035415,932515609.8342711,10561.510416666666,4.3038541666666665,2.0405208333333342,11322.0,10.807083333333333,1.1663541666666664,4224.474375,1.4828125000000003,16.0,48.5,32.0,98304.0,0.0,0.0,2180.0,776.0,0.018958333333333348,32.0,64.0,42.0,64.0,32.0,50.0,1.5883333333333345,1.0177083333333334,11,0x200060000000,0x200060903004,9449476,29,220,9280.0,0.0,0.0,0
22,1536,needle_cuda_shared_1,input_itemsets,1,623793900.6035415,932515609.8342711,10561.510416666666,4.3038541666666665,2.0405208333333342,11322.0,10.807083333333333,1.1663541666666664,4224.474375,1.4828125000000003,16.0,48.5,32.0,98304.0,0.0,0.0,2180.0,776.0,0.018958333333333348,32.0,64.0,42.0,64.0,32.0,50.0,1.5883333333333345,1.0177083333333334,11,0x200060a00000,0x200061303004,9449476,29,172,9280.0,0.0,0.0,0
23,1536,needle_cuda_shared_2,referrence,0,632130713.6775,944341357.865,10898.25,8.11,3.85,11536.0,12.1625,1.9775,7265.4525,2.8,16.0,93.5,32.0,98304.0,0.0,0.0,2180.0,1496.0,0.04,32.0,64.0,42.0,64.0,32.0,50.0,1.83,1.1725,11,0x200060000000,0x200060903004,9449476,29,220,9280.0,0.0,0.0,2
24,1536,needle_cuda_shared_2,input_itemsets,1,632130713.6775,944341357.865,10898.25,8.11,3.85,11536.0,12.1625,1.9775,7265.4525,2.8,16.0,93.5,32.0,98304.0,0.0,0.0,2180.0,1496.0,0.04,32.0,64.0,42.0,64.0,32.0,50.0,1.83,1.1725,11,0x200060a00000,0x200061303004,9449476,29,172,9280.0,0.0,0.0,0
25,1792,needle_cuda_shared_1,referrence,0,628014997.1213003,938720153.6325004,10683.73,4.413200000000002,2.0980000000000008,11376.96,10.7383,1.18,4401.2457,1.5244999999999995,16.0,50.5,32.0,98304.0,0.0,0.0,2180.0,808.0,0.019800000000000016,32.0,64.0,42.0,64.0,32.0,50.0,1.6016000000000008,1.0262,11,0x200060000000,0x200060c43804,12859396,39,318,12608.0,0.0,0.0,0
26,1792,needle_cuda_shared_1,input_itemsets,1,628014997.1213003,938720153.6325004,10683.73,4.413200000000002,2.0980000000000008,11376.96,10.7383,1.18,4401.2457,1.5244999999999995,16.0,50.5,32.0,98304.0,0.0,0.0,2180.0,808.0,0.019800000000000016,32.0,64.0,42.0,64.0,32.0,50.0,1.6016000000000008,1.0262,11,0x200060e00000,0x200061a43804,12859396,39,236,12608.0,0.0,0.0,0
27,2048,needle_cuda_shared_1,referrence,0,617747150.3235,923413188.4673996,10459.1,4.5268000000000015,2.1547,11323.84,11.050899999999995,1.2277999999999998,4244.484300000002,1.5652,16.0,50.5,32.0,98304.0,0.0,0.0,2180.0,808.0,0.019800000000000016,32.0,64.0,42.0,64.0,32.0,50.0,1.601800000000001,1.0264,11,0x200060000000,0x200061004004,16793604,49,96,16448.0,0.0,0.0,0
28,2048,needle_cuda_shared_1,input_itemsets,1,617747150.3235,923413188.4673996,10459.1,4.5268000000000015,2.1547,11323.84,11.050899999999995,1.2277999999999998,4244.484300000002,1.5652,16.0,50.5,32.0,98304.0,0.0,0.0,2180.0,808.0,0.019800000000000016,32.0,64.0,42.0,64.0,32.0,50.0,1.601800000000001,1.0264,11,0x200061200000,0x200062204004,16793604,49,96,16448.0,0.0,0.0,0
29,2304,needle_cuda_shared_1,referrence,0,628166677.4594,939184251.8025,10706.86,4.404600000000001,2.0927,11396.16,10.720999999999998,1.165,4413.7593000000015,1.5199,16.0,50.5,32.0,98304.0,0.0,0.0,2180.0,808.0,0.019800000000000016,32.0,64.0,42.0,64.0,32.0,50.0,1.6017000000000008,1.0263,11,0x200060000000,0x200061444804,21252100,63,402,20800.0,0.0,0.0,0
30,2304,needle_cuda_shared_1,input_itemsets,1,628166677.4594,939184251.8025,10706.86,4.404600000000001,2.0927,11396.16,10.720999999999998,1.165,4413.7593000000015,1.5199,16.0,50.5,32.0,98304.0,0.0,0.0,2180.0,808.0,0.019800000000000016,32.0,64.0,42.0,64.0,32.0,50.0,1.6017000000000008,1.0263,11,0x200061600000,0x200062a44804,21252100,63,297,20800.0,0.0,0.0,0
31,2560,needle_cuda_shared_1,referrence,0,624391622.5608999,933562547.5028,10626.54,4.4578999999999995,2.1112,11378.88,10.822399999999995,1.1852,4381.7269,1.5329000000000008,16.0,50.5,32.0,98304.0,0.0,0.0,2180.0,808.0,0.019800000000000016,32.0,64.0,42.0,64.0,32.0,50.0,1.6016000000000008,1.0263,11,0x200060000000,0x200061905004,26234884,77,440,25664.0,0.0,0.0,0
32,2560,needle_cuda_shared_1,input_itemsets,1,624391622.5608999,933562547.5028,10626.54,4.4578999999999995,2.1112,11378.88,10.822399999999995,1.1852,4381.7269,1.5329000000000008,16.0,50.5,32.0,98304.0,0.0,0.0,2180.0,808.0,0.019800000000000016,32.0,64.0,42.0,64.0,32.0,50.0,1.6016000000000008,1.0263,11,0x200061a00000,0x200063305004,26234884,77,317,25664.0,0.0,0.0,0
33,2816,needle_cuda_shared_1,referrence,0,627273511.4312003,937878946.3836,10689.95,4.409600000000001,2.0978,11394.24,10.683600000000002,1.1643000000000006,4418.245599999998,1.5230000000000001,16.0,50.5,32.0,98304.0,0.0,0.0,2180.0,808.0,0.019800000000000016,32.0,64.0,42.0,64.0,32.0,50.0,1.6014000000000008,1.0262,11,0x200060000000,0x200061e45804,31741956,93,509,31040.0,0.0,0.0,0
34,2816,needle_cuda_shared_1,input_itemsets,1,627273511.4312003,937878946.3836,10689.95,4.409600000000001,2.0978,11394.24,10.683600000000002,1.1643000000000006,4418.245599999998,1.5230000000000001,16.0,50.5,32.0,98304.0,0.0,0.0,2180.0,808.0,0.019800000000000016,32.0,64.0,42.0,64.0,32.0,50.0,1.6014000000000008,1.0262,11,0x200062000000,0x200063e45804,31741956,93,357,31040.0,0.0,0.0,0
35,3072,needle_cuda_shared_1,referrence,0,624414536.7130997,933386951.8548002,10598.81,4.4617,2.1169,11351.68,10.8211,1.1911,4375.177799999999,1.5376999999999996,16.0,50.5,32.0,98304.0,0.0,0.0,2180.0,808.0,0.019800000000000016,32.0,64.0,42.0,64.0,32.0,50.0,1.6014000000000008,1.0263,11,0x200060000000,0x200062406004,37773316,109,468,36928.0,0.0,0.0,0
36,3072,needle_cuda_shared_1,input_itemsets,1,624414536.7130997,933386951.8548002,10598.81,4.4617,2.1169,11351.68,10.8211,1.1911,4375.177799999999,1.5376999999999996,16.0,50.5,32.0,98304.0,0.0,0.0,2180.0,808.0,0.019800000000000016,32.0,64.0,42.0,64.0,32.0,50.0,1.6014000000000008,1.0263,11,0x200062600000,0x200064a06004,37773316,109,338,36928.0,0.0,0.0,0
37,3328,needle_cuda_shared_1,referrence,0,627794684.7859,938566325.2312998,10703.0,4.404099999999998,2.0946999999999996,11399.68,10.6856,1.1641,4430.404499999999,1.5203999999999995,16.0,50.5,32.0,98304.0,0.0,0.0,2180.0,808.0,0.019800000000000016,32.0,64.0,42.0,64.0,32.0,50.0,1.601800000000001,1.0263,11,0x200060000000,0x200062a46804,44328964,129,581,43328.0,0.0,0.0,0
38,3328,needle_cuda_shared_1,input_itemsets,1,627794684.7859,938566325.2312998,10703.0,4.404099999999998,2.0946999999999996,11399.68,10.6856,1.1641,4430.404499999999,1.5203999999999995,16.0,50.5,32.0,98304.0,0.0,0.0,2180.0,808.0,0.019800000000000016,32.0,64.0,42.0,64.0,32.0,50.0,1.601800000000001,1.0263,11,0x200062c00000,0x200065646804,44328964,129,408,43328.0,0.0,0.0,0
39,3584,needle_cuda_shared_1,referrence,0,624107276.1728,933018037.1715,10662.62,4.4237,2.1038,11424.0,10.732900000000004,1.1799000000000002,4399.067900000001,1.5281999999999996,16.0,50.5,32.0,98304.0,0.0,0.0,2180.0,808.0,0.019800000000000016,32.0,64.0,42.0,64.0,32.0,50.0,1.6016000000000008,1.0264,11,0x200060000000,0x200063107004,51408900,149,619,50240.0,0.0,0.0,0
40,3584,needle_cuda_shared_1,input_itemsets,1,624107276.1728,933018037.1715,10662.62,4.4237,2.1038,11424.0,10.732900000000004,1.1799000000000002,4399.067900000001,1.5281999999999996,16.0,50.5,32.0,98304.0,0.0,0.0,2180.0,808.0,0.019800000000000016,32.0,64.0,42.0,64.0,32.0,50.0,1.6016000000000008,1.0264,11,0x200063200000,0x200066307004,51408900,149,424,50240.0,0.0,0.0,0
41,3840,needle_cuda_shared_1,referrence,0,628447807.3016,939541269.2237,10704.56,4.420499999999999,2.0948,11389.44,10.790100000000002,1.1690999999999998,4394.191900000002,1.5210000000000006,16.0,50.5,32.0,98304.0,0.0,0.0,2180.0,808.0,0.019800000000000016,32.0,64.0,42.0,64.0,32.0,50.0,1.6017000000000008,1.0264,11,0x200060000000,0x200063847804,59013124,171,649,57664.0,0.0,0.0,0
42,3840,needle_cuda_shared_1,input_itemsets,1,628447807.3016,939541269.2237,10704.56,4.420499999999999,2.0948,11389.44,10.790100000000002,1.1690999999999998,4394.191900000002,1.5210000000000006,16.0,50.5,32.0,98304.0,0.0,0.0,2180.0,808.0,0.019800000000000016,32.0,64.0,42.0,64.0,32.0,50.0,1.6017000000000008,1.0264,11,0x200063a00000,0x200067247804,59013124,171,444,57664.0,0.0,0.0,0
43,4096,needle_cuda_shared_1,referrence,0,616706339.5906997,921908569.9677002,10477.05,4.518699999999999,2.15,11360.96,10.9146,1.2153999999999996,4301.125100000001,1.5622,16.0,50.5,32.0,98304.0,0.0,0.0,2180.0,808.0,0.019800000000000016,32.0,64.0,42.0,64.0,32.0,50.0,1.6010000000000009,1.026,11,0x200060000000,0x200064008004,67141636,193,224,65600.0,0.0,0.0,0
44,4096,needle_cuda_shared_1,input_itemsets,1,616706339.5906997,921908569.9677002,10477.05,4.518699999999999,2.15,11360.96,10.9146,1.2153999999999996,4301.125100000001,1.5622,16.0,50.5,32.0,98304.0,0.0,0.0,2180.0,808.0,0.019800000000000016,32.0,64.0,42.0,64.0,32.0,50.0,1.6010000000000009,1.026,11,0x200064200000,0x200068208004,67141636,193,224,65600.0,0.0,0.0,0
45,4352,needle_cuda_shared_1,referrence,0,630146828.8110996,941453215.2477,10742.09,4.4030000000000005,2.0877999999999997,11400.96,10.724199999999996,1.1609999999999996,4415.93,1.5177000000000005,16.0,50.5,32.0,98304.0,0.0,0.0,2180.0,808.0,0.019800000000000016,32.0,64.0,42.0,64.0,32.0,50.0,1.602000000000001,1.0265,11,0x200060000000,0x200064848804,75794436,219,750,74048.0,0.0,0.0,0
46,4352,needle_cuda_shared_1,input_itemsets,1,630146828.8110996,941453215.2477,10742.09,4.4030000000000005,2.0877999999999997,11400.96,10.724199999999996,1.1609999999999996,4415.93,1.5177000000000005,16.0,50.5,32.0,98304.0,0.0,0.0,2180.0,808.0,0.019800000000000016,32.0,64.0,42.0,64.0,32.0,50.0,1.602000000000001,1.0265,11,0x200064a00000,0x200069248804,75794436,219,501,74048.0,0.0,0.0,0
47,4608,needle_cuda_shared_1,referrence,0,628395423.7357002,938898763.3834,10711.54,4.4067,2.0914000000000006,11398.72,10.686799999999998,1.1830000000000005,4428.242800000001,1.5205999999999995,16.0,50.5,32.0,98304.0,0.0,0.0,2180.0,808.0,0.019800000000000016,32.0,64.0,42.0,64.0,32.0,50.0,1.601800000000001,1.0264,11,0x200060000000,0x200065109004,84971524,245,766,83008.0,0.0,0.0,0
48,4608,needle_cuda_shared_1,input_itemsets,1,628395423.7357002,938898763.3834,10711.54,4.4067,2.0914000000000006,11398.72,10.686799999999998,1.1830000000000005,4428.242800000001,1.5205999999999995,16.0,50.5,32.0,98304.0,0.0,0.0,2180.0,808.0,0.019800000000000016,32.0,64.0,42.0,64.0,32.0,50.0,1.601800000000001,1.0264,11,0x200065200000,0x20006a309004,84971524,245,510,83008.0,0.0,0.0,0
49,4864,needle_cuda_shared_1,referrence,0,628059531.4718,938607093.1142,10733.68,4.392500000000001,2.0864000000000007,11427.2,10.683800000000002,1.1526999999999996,4424.6836,1.5167999999999997,16.0,50.5,32.0,98304.0,0.0,0.0,2180.0,808.0,0.019800000000000016,32.0,64.0,42.0,64.0,32.0,50.0,1.6015000000000008,1.0264,11,0x200060000000,0x200065a49804,94672900,273,800,92480.0,0.0,0.0,0
50,4864,needle_cuda_shared_1,input_itemsets,1,628059531.4718,938607093.1142,10733.68,4.392500000000001,2.0864000000000007,11427.2,10.683800000000002,1.1526999999999996,4424.6836,1.5167999999999997,16.0,50.5,32.0,98304.0,0.0,0.0,2180.0,808.0,0.019800000000000016,32.0,64.0,42.0,64.0,32.0,50.0,1.6015000000000008,1.0264,11,0x200065c00000,0x20006b649804,94672900,273,542,92480.0,0.0,0.0,0
51,5120,needle_cuda_shared_1,referrence,0,626732769.8092997,936422734.8672998,10687.81,4.433,2.0983000000000005,11403.84,10.733400000000003,1.1699,4418.8531,1.5261000000000005,16.0,50.5,32.0,98304.0,0.0,0.0,2180.0,808.0,0.019800000000000016,32.0,64.0,42.0,64.0,32.0,50.0,1.6015000000000008,1.0262,11,0x200060000000,0x20006640a004,104898564,301,789,102464.0,0.0,0.0,0
52,5120,needle_cuda_shared_1,input_itemsets,1,626732769.8092997,936422734.8672998,10687.81,4.433,2.0983000000000005,11403.84,10.733400000000003,1.1699,4418.8531,1.5261000000000005,16.0,50.5,32.0,98304.0,0.0,0.0,2180.0,808.0,0.019800000000000016,32.0,64.0,42.0,64.0,32.0,50.0,1.6015000000000008,1.0262,11,0x200066600000,0x20006ca0a004,104898564,301,536,102464.0,0.0,0.0,0
53,5376,needle_cuda_shared_1,referrence,0,633449957.8265,946689919.3270996,10807.22,4.3627,2.069599999999999,11406.4,10.6031,1.1577000000000004,4471.777,1.5045000000000002,16.0,50.5,32.0,98304.0,0.0,0.0,2180.0,808.0,0.019800000000000016,32.0,64.0,42.0,64.0,32.0,50.0,1.6019000000000008,1.0265,11,0x200060000000,0x200066e4a804,115648516,333,851,112960.0,0.0,0.0,0
54,5376,needle_cuda_shared_1,input_itemsets,1,633449957.8265,946689919.3270996,10807.22,4.3627,2.069599999999999,11406.4,10.6031,1.1577000000000004,4471.777,1.5045000000000002,16.0,50.5,32.0,98304.0,0.0,0.0,2180.0,808.0,0.019800000000000016,32.0,64.0,42.0,64.0,32.0,50.0,1.6019000000000008,1.0265,11,0x200067000000,0x20006de4a804,115648516,333,569,112960.0,0.0,0.0,0
55,5632,needle_cuda_shared_1,referrence,0,628042803.5837,938327253.4886998,10700.36,4.4078,2.0944,11394.56,10.689799999999996,1.1562999999999992,4419.836700000002,1.5232999999999997,16.0,50.5,32.0,98304.0,0.0,0.0,2180.0,808.0,0.019800000000000016,32.0,64.0,42.0,64.0,32.0,50.0,1.601800000000001,1.0265,11,0x200060000000,0x20006790b004,126922756,365,865,123968.0,0.0,0.0,0
56,5632,needle_cuda_shared_1,input_itemsets,1,628042803.5837,938327253.4886998,10700.36,4.4078,2.0944,11394.56,10.689799999999996,1.1562999999999992,4419.836700000002,1.5232999999999997,16.0,50.5,32.0,98304.0,0.0,0.0,2180.0,808.0,0.019800000000000016,32.0,64.0,42.0,64.0,32.0,50.0,1.601800000000001,1.0265,11,0x200067a00000,0x20006f30b004,126922756,365,590,123968.0,0.0,0.0,0
57,5888,needle_cuda_shared_1,referrence,0,631594091.3983,943653971.4025004,10760.73,4.3845,2.0826999999999996,11394.24,10.6572,1.162,4438.8378,1.5137999999999996,16.0,50.5,32.0,98304.0,0.0,0.0,2180.0,808.0,0.019800000000000016,32.0,64.0,42.0,64.0,32.0,50.0,1.6017000000000008,1.0264000000000002,11,0x200060000000,0x20006844b804,138721284,399,891,135488.0,0.0,0.0,0
58,5888,needle_cuda_shared_1,input_itemsets,1,631594091.3983,943653971.4025004,10760.73,4.3845,2.0826999999999996,11394.24,10.6572,1.162,4438.8378,1.5137999999999996,16.0,50.5,32.0,98304.0,0.0,0.0,2180.0,808.0,0.019800000000000016,32.0,64.0,42.0,64.0,32.0,50.0,1.6017000000000008,1.0264000000000002,11,0x200068600000,0x200070a4b804,138721284,399,605,135488.0,0.0,0.0,0
59,6144,needle_cuda_shared_1,referrence,0,624577510.7570001,933075868.1963004,10618.21,4.4624,2.1144000000000003,11370.24,10.7738,1.1872000000000005,4395.916600000001,1.5376,16.0,50.5,32.0,98304.0,0.0,0.0,2180.0,808.0,0.019800000000000016,32.0,64.0,42.0,64.0,32.0,50.0,1.6015000000000008,1.0261,11,0x200060000000,0x20006900c004,151044100,433,813,147520.0,0.0,0.0,0
60,6144,needle_cuda_shared_1,input_itemsets,1,624577510.7570001,933075868.1963004,10618.21,4.4624,2.1144000000000003,11370.24,10.7738,1.1872000000000005,4395.916600000001,1.5376,16.0,50.5,32.0,98304.0,0.0,0.0,2180.0,808.0,0.019800000000000016,32.0,64.0,42.0,64.0,32.0,50.0,1.6015000000000008,1.0261,11,0x200069200000,0x20007220c004,151044100,433,565,147520.0,0.0,0.0,0
61,6400,needle_cuda_shared_1,referrence,0,629891542.6886997,941190683.4183002,10742.18,4.398299999999999,2.0869999999999993,11404.16,10.6578,1.1647,4446.966500000002,1.5155999999999992,16.0,50.5,32.0,98304.0,0.0,0.0,2180.0,808.0,0.019800000000000016,32.0,64.0,42.0,64.0,32.0,50.0,1.601800000000001,1.0264,11,0x200060000000,0x200069c4c804,163891204,471,937,160064.0,0.0,0.0,0
62,6400,needle_cuda_shared_1,input_itemsets,1,629891542.6886997,941190683.4183002,10742.18,4.398299999999999,2.0869999999999993,11404.16,10.6578,1.1647,4446.966500000002,1.5155999999999992,16.0,50.5,32.0,98304.0,0.0,0.0,2180.0,808.0,0.019800000000000016,32.0,64.0,42.0,64.0,32.0,50.0,1.601800000000001,1.0264,11,0x200069e00000,0x200073a4c804,163891204,471,641,160064.0,0.0,0.0,0
63,6656,needle_cuda_shared_1,referrence,0,627262952.4670997,937349945.2606996,10722.46,4.3922,2.0868,11430.08,10.6593,1.1481,4438.864699999999,1.5168000000000004,16.0,50.5,32.0,98304.0,0.0,0.0,2180.0,808.0,0.019800000000000016,32.0,64.0,42.0,64.0,32.0,50.0,1.6017000000000008,1.0263,11,0x200060000000,0x20006a90d004,177262596,509,971,173120.0,0.0,0.0,0
64,6656,needle_cuda_shared_1,input_itemsets,1,627262952.4670997,937349945.2606996,10722.46,4.3922,2.0868,11430.08,10.6593,1.1481,4438.864699999999,1.5168000000000004,16.0,50.5,32.0,98304.0,0.0,0.0,2180.0,808.0,0.019800000000000016,32.0,64.0,42.0,64.0,32.0,50.0,1.6017000000000008,1.0263,11,0x20006aa00000,0x20007530d004,177262596,509,659,173120.0,0.0,0.0,0
65,6912,needle_cuda_shared_1,referrence,0,632967278.7917999,945840157.6836,10788.37,4.3773,2.0784999999999996,11397.12,10.6163,1.1545999999999996,4461.8964,1.5101,16.0,50.5,32.0,98304.0,0.0,0.0,2180.0,808.0,0.019800000000000016,32.0,64.0,42.0,64.0,32.0,50.0,1.6017000000000008,1.0265,11,0x200060000000,0x20006b64d804,191158276,549,990,186688.0,0.0,0.0,0
66,6912,needle_cuda_shared_1,input_itemsets,1,632967278.7917999,945840157.6836,10788.37,4.3773,2.0784999999999996,11397.12,10.6163,1.1545999999999996,4461.8964,1.5101,16.0,50.5,32.0,98304.0,0.0,0.0,2180.0,808.0,0.019800000000000016,32.0,64.0,42.0,64.0,32.0,50.0,1.6017000000000008,1.0265,11,0x20006b800000,0x200076e4d804,191158276,549,672,186688.0,0.0,0.0,0
67,7168,needle_cuda_shared_1,referrence,0,627098560.4122,937170896.8306004,10684.34,4.4171,2.0999999999999996,11391.68,10.700299999999997,1.1656,4412.3832,1.5263000000000004,16.0,50.5,32.0,98304.0,0.0,0.0,2180.0,808.0,0.019800000000000016,32.0,64.0,42.0,64.0,32.0,50.0,1.6019000000000008,1.0264,11,0x200060000000,0x20006c40e004,205578244,589,995,200768.0,0.0,0.0,0
68,7168,needle_cuda_shared_1,input_itemsets,1,627098560.4122,937170896.8306004,10684.34,4.4171,2.0999999999999996,11391.68,10.700299999999997,1.1656,4412.3832,1.5263000000000004,16.0,50.5,32.0,98304.0,0.0,0.0,2180.0,808.0,0.019800000000000016,32.0,64.0,42.0,64.0,32.0,50.0,1.6019000000000008,1.0264,11,0x20006c600000,0x200078a0e004,205578244,589,669,200768.0,0.0,0.0,0
69,7424,needle_cuda_shared_1,referrence,0,632280549.2418,944594179.8367996,10791.26,4.371499999999998,2.076799999999999,11415.36,10.6383,1.1395999999999995,4445.793700000001,1.5086,16.0,50.5,32.0,98304.0,0.0,0.0,2180.0,808.0,0.019800000000000016,32.0,64.0,42.0,64.0,32.0,50.0,1.6015000000000006,1.0262,11,0x200060000000,0x20006d24e804,220522500,633,1048,215360.0,0.0,0.0,0
70,7424,needle_cuda_shared_1,input_itemsets,1,632280549.2418,944594179.8367996,10791.26,4.371499999999998,2.076799999999999,11415.36,10.6383,1.1395999999999995,4445.793700000001,1.5086,16.0,50.5,32.0,98304.0,0.0,0.0,2180.0,808.0,0.019800000000000016,32.0,64.0,42.0,64.0,32.0,50.0,1.6015000000000006,1.0262,11,0x20006d400000,0x20007a64e804,220522500,633,705,215360.0,0.0,0.0,0
71,7680,needle_cuda_shared_1,referrence,0,632426922.0192,944852197.1796,10746.03,4.3919999999999995,2.0806000000000004,11364.48,10.744899999999998,1.1595,4415.134399999999,1.5124000000000004,16.0,50.5,32.0,98304.0,0.0,0.0,2180.0,808.0,0.019800000000000016,32.0,64.0,42.0,64.0,32.0,50.0,1.6017000000000008,1.0265,11,0x200060000000,0x20006e10f004,235991044,677,1088,230464.0,0.0,0.0,0
72,7680,needle_cuda_shared_1,input_itemsets,1,632426922.0192,944852197.1796,10746.03,4.3919999999999995,2.0806000000000004,11364.48,10.744899999999998,1.1595,4415.134399999999,1.5124000000000004,16.0,50.5,32.0,98304.0,0.0,0.0,2180.0,808.0,0.019800000000000016,32.0,64.0,42.0,64.0,32.0,50.0,1.6017000000000008,1.0265,11,0x20006e200000,0x20007c30f004,235991044,677,729,230464.0,0.0,0.0,0
73,7936,needle_cuda_shared_1,referrence,0,630233642.1639997,941861801.3841996,10795.6,4.3701,2.0776000000000003,11453.44,10.61,1.1649000000000005,4456.9012,1.5088999999999992,16.0,50.5,32.0,98304.0,0.0,0.0,2180.0,808.0,0.019800000000000016,32.0,64.0,42.0,64.0,32.0,50.0,1.6017000000000008,1.0264,11,0x200060000000,0x20006f04f804,251983876,723,1106,246080.0,0.0,0.0,0
74,7936,needle_cuda_shared_1,input_itemsets,1,630233642.1639997,941861801.3841996,10795.6,4.3701,2.0776000000000003,11453.44,10.61,1.1649000000000005,4456.9012,1.5088999999999992,16.0,50.5,32.0,98304.0,0.0,0.0,2180.0,808.0,0.019800000000000016,32.0,64.0,42.0,64.0,32.0,50.0,1.6017000000000008,1.0264,11,0x20006f200000,0x20007e24f804,251983876,723,757,246080.0,0.0,0.0,0
75,8192,needle_cuda_shared_1,referrence,0,623596687.3254,931796142.0344,10649.7,4.4399000000000015,2.1134,11420.16,10.705799999999996,1.1817000000000002,4412.595100000001,1.5356999999999998,16.0,50.5,32.0,98304.0,0.0,0.0,2180.0,808.0,0.019800000000000016,32.0,64.0,42.0,64.0,32.0,50.0,1.6019000000000012,1.0263,11,0x200060000000,0x200070010004,268500996,770,768,262272.0,0.0,0.0,0
76,8192,needle_cuda_shared_1,input_itemsets,1,623596687.3254,931796142.0344,10649.7,4.4399000000000015,2.1134,11420.16,10.705799999999996,1.1817000000000002,4412.595100000001,1.5356999999999998,16.0,50.5,32.0,98304.0,0.0,0.0,2180.0,808.0,0.019800000000000016,32.0,64.0,42.0,64.0,32.0,50.0,1.6019000000000012,1.0263,11,0x200080000000,0x200090010004,268500996,770,640,262272.0,0.0,0.0,0
77,8448,needle_cuda_shared_1,referrence,0,632115083.1587001,944493340.4679004,10797.43,4.3717000000000015,2.0755999999999997,11423.36,10.6203,1.1629,4456.080799999999,1.5086999999999997,16.0,50.5,32.0,98304.0,0.0,0.0,2180.0,808.0,0.019800000000000016,32.0,64.0,42.0,64.0,32.0,50.0,1.6019000000000012,1.0264,11,0x200060000000,0x200071050804,285542404,820,1170,278912.0,0.0,0.0,0
78,8448,needle_cuda_shared_1,input_itemsets,1,632115083.1587001,944493340.4679004,10797.43,4.3717000000000015,2.0755999999999997,11423.36,10.6203,1.1629,4456.080799999999,1.5086999999999997,16.0,50.5,32.0,98304.0,0.0,0.0,2180.0,808.0,0.019800000000000016,32.0,64.0,42.0,64.0,32.0,50.0,1.6019000000000012,1.0264,11,0x200080000000,0x200091050804,285542404,820,793,278912.0,0.0,0.0,0
79,8704,needle_cuda_shared_1,referrence,0,627951992.8321997,938364893.1528,10678.27,4.431,2.1024,11371.2,10.7468,1.1649999999999998,4406.383199999998,1.5272,16.0,50.5,32.0,98304.0,0.0,0.0,2180.0,808.0,0.019800000000000016,32.0,64.0,42.0,64.0,32.0,50.0,1.601800000000001,1.0265,11,0x200060000000,0x200072111004,303108100,870,1204,296064.0,0.0,0.0,0
80,8704,needle_cuda_shared_1,input_itemsets,1,627951992.8321997,938364893.1528,10678.27,4.431,2.1024,11371.2,10.7468,1.1649999999999998,4406.383199999998,1.5272,16.0,50.5,32.0,98304.0,0.0,0.0,2180.0,808.0,0.019800000000000016,32.0,64.0,42.0,64.0,32.0,50.0,1.601800000000001,1.0265,11,0x200080000000,0x200092111004,303108100,870,801,296064.0,0.0,0.0,0
81,8960,needle_cuda_shared_1,referrence,0,633017620.7284001,945776671.4598,10813.19,4.365899999999999,2.0711,11424.0,10.5984,1.1585,4472.495200000001,1.5046000000000002,16.0,50.5,32.0,98304.0,0.0,0.0,2180.0,808.0,0.019800000000000016,32.0,64.0,42.0,64.0,32.0,50.0,1.6017000000000008,1.0264,11,0x200060000000,0x200073251804,321198084,922,1210,313728.0,0.0,0.0,0
82,8960,needle_cuda_shared_1,input_itemsets,1,633017620.7284001,945776671.4598,10813.19,4.365899999999999,2.0711,11424.0,10.5984,1.1585,4472.495200000001,1.5046000000000002,16.0,50.5,32.0,98304.0,0.0,0.0,2180.0,808.0,0.019800000000000016,32.0,64.0,42.0,64.0,32.0,50.0,1.6017000000000008,1.0264,11,0x200080000000,0x200093251804,321198084,922,824,313728.0,0.0,0.0,0
83,9216,needle_cuda_shared_1,referrence,0,627544250.8096,937467133.1250004,10718.76,4.4047,2.0916,11424.32,10.6894,1.1698,4423.917700000001,1.5201000000000002,16.0,50.5,32.0,98304.0,0.0,0.0,2180.0,808.0,0.019800000000000016,32.0,64.0,42.0,64.0,32.0,50.0,1.601800000000001,1.0265,11,0x200060000000,0x200074412004,339812356,974,1227,331904.0,0.0,0.0,0
84,9216,needle_cuda_shared_1,input_itemsets,1,627544250.8096,937467133.1250004,10718.76,4.4047,2.0916,11424.32,10.6894,1.1698,4423.917700000001,1.5201000000000002,16.0,50.5,32.0,98304.0,0.0,0.0,2180.0,808.0,0.019800000000000016,32.0,64.0,42.0,64.0,32.0,50.0,1.601800000000001,1.0265,11,0x200080000000,0x200094412004,339812356,974,847,331904.0,0.0,0.0,0
85,9472,needle_cuda_shared_1,referrence,0,631701785.7398,943770895.1757998,10764.63,4.3809999999999985,2.0807999999999995,11396.48,10.6339,1.1464,4440.510700000002,1.5121,16.0,50.5,32.0,98304.0,0.0,0.0,2180.0,808.0,0.019800000000000016,32.0,64.0,42.0,64.0,32.0,50.0,1.6017000000000008,1.0263,11,0x200060000000,0x200075652804,358950916,1030,1270,350592.0,0.0,0.0,0
86,9472,needle_cuda_shared_1,input_itemsets,1,631701785.7398,943770895.1757998,10764.63,4.3809999999999985,2.0807999999999995,11396.48,10.6339,1.1464,4440.510700000002,1.5121,16.0,50.5,32.0,98304.0,0.0,0.0,2180.0,808.0,0.019800000000000016,32.0,64.0,42.0,64.0,32.0,50.0,1.6017000000000008,1.0263,11,0x200080000000,0x200095652804,358950916,1030,837,350592.0,0.0,0.0,0
87,9728,needle_cuda_shared_1,referrence,0,628387912.4718,939041585.2364002,10690.71,4.4101,2.0965,11376.0,10.690200000000004,1.1578000000000004,4423.2353,1.5233999999999996,16.0,50.5,32.0,98304.0,0.0,0.0,2180.0,808.0,0.019800000000000016,32.0,64.0,42.0,64.0,32.0,50.0,1.601800000000001,1.0264,11,0x200060000000,0x200076913004,378613764,1086,1267,369792.0,0.0,0.0,0
88,9728,needle_cuda_shared_1,input_itemsets,1,628387912.4718,939041585.2364002,10690.71,4.4101,2.0965,11376.0,10.690200000000004,1.1578000000000004,4423.2353,1.5233999999999996,16.0,50.5,32.0,98304.0,0.0,0.0,2180.0,808.0,0.019800000000000016,32.0,64.0,42.0,64.0,32.0,50.0,1.601800000000001,1.0264,11,0x200080000000,0x200096913004,378613764,1086,860,369792.0,0.0,0.0,0
89,9984,needle_cuda_shared_1,referrence,0,631767902.1277003,943860790.0902002,10797.22,4.3671000000000015,2.072,11430.72,10.615,1.1611999999999998,4456.715499999998,1.5066000000000006,16.0,50.5,32.0,98304.0,0.0,0.0,2180.0,808.0,0.019800000000000016,32.0,64.0,42.0,64.0,32.0,50.0,1.6016000000000008,1.0264,11,0x200060000000,0x200077c53804,398800900,1144,1277,389504.0,0.0,0.0,0
90,9984,needle_cuda_shared_1,input_itemsets,1,631767902.1277003,943860790.0902002,10797.22,4.3671000000000015,2.072,11430.72,10.615,1.1611999999999998,4456.715499999998,1.5066000000000006,16.0,50.5,32.0,98304.0,0.0,0.0,2180.0,808.0,0.019800000000000016,32.0,64.0,42.0,64.0,32.0,50.0,1.6016000000000008,1.0264,11,0x200080000000,0x200097c53804,398800900,1144,857,389504.0,0.0,0.0,0
91,10240,needle_cuda_shared_1,referrence,0,627781008.2837,937971929.7533008,10692.72,4.4258999999999995,2.0952,11391.68,10.7052,1.1695000000000002,4433.0542,1.5231000000000006,16.0,50.5,32.0,98304.0,0.0,0.0,2180.0,808.0,0.019800000000000016,32.0,64.0,42.0,64.0,32.0,50.0,1.6015000000000006,1.0261,11,0x200060000000,0x200079014004,419512324,1202,1260,409728.0,0.0,0.0,0
92,10240,needle_cuda_shared_1,input_itemsets,1,627781008.2837,937971929.7533008,10692.72,4.4258999999999995,2.0952,11391.68,10.7052,1.1695000000000002,4433.0542,1.5231000000000006,16.0,50.5,32.0,98304.0,0.0,0.0,2180.0,808.0,0.019800000000000016,32.0,64.0,42.0,64.0,32.0,50.0,1.6015000000000006,1.0261,11,0x200080000000,0x200099014004,419512324,1202,930,409728.0,0.0,0.0,0
93,10496,needle_cuda_shared_1,referrence,0,632118613.1280001,944497619.3356,10813.77,4.3645999999999985,2.0733000000000006,11439.36,10.579399999999998,1.1581,4470.814799999999,1.5064999999999995,16.0,50.5,32.0,98304.0,0.0,0.0,2180.0,808.0,0.019800000000000016,32.0,64.0,42.0,64.0,32.0,50.0,1.602000000000001,1.0264,11,0x200060000000,0x20007a454804,440748036,1264,1320,430464.0,0.0,0.0,0
94,10496,needle_cuda_shared_1,input_itemsets,1,632118613.1280001,944497619.3356,10813.77,4.3645999999999985,2.0733000000000006,11439.36,10.579399999999998,1.1581,4470.814799999999,1.5064999999999995,16.0,50.5,32.0,98304.0,0.0,0.0,2180.0,808.0,0.019800000000000016,32.0,64.0,42.0,64.0,32.0,50.0,1.602000000000001,1.0264,11,0x200080000000,0x20009a454804,440748036,1264,876,430464.0,0.0,0.0,0
95,10752,needle_cuda_shared_1,referrence,0,630646013.9004997,942343686.4331998,10759.55,4.4044,2.0897,11408.64,10.670900000000003,1.1603,4435.278700000002,1.5194000000000003,16.0,50.5,32.0,98304.0,0.0,0.0,2180.0,808.0,0.019800000000000016,32.0,64.0,42.0,64.0,32.0,50.0,1.6017000000000008,1.0266000000000002,11,0x200060000000,0x20007b915004,462508036,1326,1331,451712.0,0.0,0.0,0
96,10752,needle_cuda_shared_1,input_itemsets,1,630646013.9004997,942343686.4331998,10759.55,4.4044,2.0897,11408.64,10.670900000000003,1.1603,4435.278700000002,1.5194000000000003,16.0,50.5,32.0,98304.0,0.0,0.0,2180.0,808.0,0.019800000000000016,32.0,64.0,42.0,64.0,32.0,50.0,1.6017000000000008,1.0266000000000002,11,0x200080000000,0x20009b915004,462508036,1326,909,451712.0,0.0,0.0,0
97,11008,needle_cuda_shared_1,referrence,0,632352801.9519,944790098.6726002,10783.9,4.381599999999999,2.0794999999999995,11404.8,10.615900000000002,1.1356000000000002,4454.266399999999,1.5123,16.0,50.5,32.0,98304.0,0.0,0.0,2180.0,808.0,0.019800000000000016,32.0,64.0,42.0,64.0,32.0,50.0,1.6019000000000012,1.0263,11,0x200060000000,0x20007ce55804,484792324,1390,1368,473472.0,0.0,0.0,0
98,11008,needle_cuda_shared_1,input_itemsets,1,632352801.9519,944790098.6726002,10783.9,4.381599999999999,2.0794999999999995,11404.8,10.615900000000002,1.1356000000000002,4454.266399999999,1.5123,16.0,50.5,32.0,98304.0,0.0,0.0,2180.0,808.0,0.019800000000000016,32.0,64.0,42.0,64.0,32.0,50.0,1.6019000000000012,1.0263,11,0x200080000000,0x20009ce55804,484792324,1390,914,473472.0,0.0,0.0,0
99,11264,needle_cuda_shared_1,referrence,0,627575826.1805,937803265.2425,10700.01,4.405399999999998,2.0946,11401.28,10.647500000000004,1.1599000000000002,4436.111799999998,1.5216000000000005,16.0,50.5,32.0,98304.0,0.0,0.0,2180.0,808.0,0.019800000000000016,32.0,64.0,42.0,64.0,32.0,50.0,1.601800000000001,1.0265,11,0x200060000000,0x20007e416004,507600900,1454,1409,495744.0,0.0,0.0,0
100,11264,needle_cuda_shared_1,input_itemsets,1,627575826.1805,937803265.2425,10700.01,4.405399999999998,2.0946,11401.28,10.647500000000004,1.1599000000000002,4436.111799999998,1.5216000000000005,16.0,50.5,32.0,98304.0,0.0,0.0,2180.0,808.0,0.019800000000000016,32.0,64.0,42.0,64.0,32.0,50.0,1.601800000000001,1.0265,11,0x200080000000,0x20009e416004,507600900,1454,940,495744.0,0.0,0.0,0
101,11520,needle_cuda_shared_1,referrence,0,629012142.7145,939938518.8917004,10758.81,4.3923999999999985,2.083,11437.44,10.671399999999998,1.1617999999999995,4446.2397,1.5135000000000003,16.0,50.5,32.0,98304.0,0.0,0.0,2180.0,808.0,0.019800000000000016,32.0,64.0,42.0,64.0,32.0,50.0,1.6016000000000008,1.0262,11,0x200060000000,0x20007fa56804,530933764,1522,1400,518528.0,0.0,0.0,0
102,11520,needle_cuda_shared_1,input_itemsets,1,629012142.7145,939938518.8917004,10758.81,4.3923999999999985,2.083,11437.44,10.671399999999998,1.1617999999999995,4446.2397,1.5135000000000003,16.0,50.5,32.0,98304.0,0.0,0.0,2180.0,808.0,0.019800000000000016,32.0,64.0,42.0,64.0,32.0,50.0,1.6016000000000008,1.0262,11,0x200080000000,0x20009fa56804,530933764,1522,959,518528.0,0.0,0.0,0
103,11776,needle_cuda_shared_1,referrence,0,630188639.7099001,941755167.9972,10743.24,4.395299999999997,2.088400000000001,11398.4,10.665899999999997,1.166,4430.8835,1.5178000000000005,16.0,50.5,32.0,98304.0,0.0,0.0,2180.0,808.0,0.019800000000000016,32.0,64.0,42.0,64.0,32.0,50.0,1.6019000000000008,1.0265,11,0x200060000000,0x200081117004,554790916,1590,1419,541824.0,0.0,0.0,0
104,11776,needle_cuda_shared_1,input_itemsets,1,630188639.7099001,941755167.9972,10743.24,4.395299999999997,2.088400000000001,11398.4,10.665899999999997,1.166,4430.8835,1.5178000000000005,16.0,50.5,32.0,98304.0,0.0,0.0,2180.0,808.0,0.019800000000000016,32.0,64.0,42.0,64.0,32.0,50.0,1.6019000000000008,1.0265,11,0x2000a0000000,0x2000c1117004,554790916,1590,940,541824.0,0.0,0.0,0
105,12032,needle_cuda_shared_1,referrence,0,634736742.7171001,948248661.0741998,10846.86,4.3384,2.0610000000000004,11429.12,10.567300000000003,1.1554,4481.429500000001,1.4986000000000008,16.0,50.5,32.0,98304.0,0.0,0.0,2180.0,808.0,0.019800000000000016,32.0,64.0,42.0,64.0,32.0,50.0,1.6016000000000008,1.0263,11,0x200060000000,0x200082857804,579172356,1660,1443,565632.0,0.0,0.0,0
106,12032,needle_cuda_shared_1,input_itemsets,1,634736742.7171001,948248661.0741998,10846.86,4.3384,2.0610000000000004,11429.12,10.567300000000003,1.1554,4481.429500000001,1.4986000000000008,16.0,50.5,32.0,98304.0,0.0,0.0,2180.0,808.0,0.019800000000000016,32.0,64.0,42.0,64.0,32.0,50.0,1.6016000000000008,1.0263,11,0x2000a0000000,0x2000c2857804,579172356,1660,964,565632.0,0.0,0.0,0
107,12288,needle_cuda_shared_1,referrence,0,627493838.8260998,937565678.1454,10714.14,4.4182999999999995,2.0942999999999996,11419.2,10.709100000000003,1.1792999999999998,4415.381800000002,1.5225000000000002,16.0,50.5,32.0,98304.0,0.0,0.0,2180.0,808.0,0.019800000000000016,32.0,64.0,42.0,64.0,32.0,50.0,1.6017000000000008,1.0264,11,0x200060000000,0x200084018004,604078084,1730,1411,589952.0,0.0,0.0,0
108,12288,needle_cuda_shared_1,input_itemsets,1,627493838.8260998,937565678.1454,10714.14,4.4182999999999995,2.0942999999999996,11419.2,10.709100000000003,1.1792999999999998,4415.381800000002,1.5225000000000002,16.0,50.5,32.0,98304.0,0.0,0.0,2180.0,808.0,0.019800000000000016,32.0,64.0,42.0,64.0,32.0,50.0,1.6017000000000008,1.0264,11,0x2000a0000000,0x2000c4018004,604078084,1730,1058,589952.0,0.0,0.0,0
109,12544,needle_cuda_shared_1,referrence,0,629603031.1017003,940705470.8883004,10741.36,4.3904000000000005,2.086699999999999,11409.6,10.6522,1.1678,4441.530799999999,1.5164000000000002,16.0,50.5,32.0,98304.0,0.0,0.0,2180.0,808.0,0.019800000000000016,32.0,64.0,42.0,64.0,32.0,50.0,1.6018000000000006,1.0264000000000002,11,0x200060000000,0x200085858804,629508100,1804,1516,614784.0,0.0,0.0,0
110,12544,needle_cuda_shared_1,input_itemsets,1,629603031.1017003,940705470.8883004,10741.36,4.3904000000000005,2.086699999999999,11409.6,10.6522,1.1678,4441.530799999999,1.5164000000000002,16.0,50.5,32.0,98304.0,0.0,0.0,2180.0,808.0,0.019800000000000016,32.0,64.0,42.0,64.0,32.0,50.0,1.6018000000000006,1.0264000000000002,11,0x2000a0000000,0x2000c5858804,629508100,1804,1010,614784.0,0.0,0.0,0
111,12800,needle_cuda_shared_1,referrence,0,631529893.2232001,943664219.5894996,10789.65,4.3751999999999995,2.0756,11424.64,10.623400000000002,1.162,4466.4552,1.5079999999999998,16.0,50.5,32.0,98304.0,0.0,0.0,2180.0,808.0,0.019800000000000016,32.0,64.0,42.0,64.0,32.0,50.0,1.6014000000000008,1.0264000000000002,11,0x200060000000,0x200087119004,655462404,1878,1506,640128.0,0.0,0.0,0
112,12800,needle_cuda_shared_1,input_itemsets,1,631529893.2232001,943664219.5894996,10789.65,4.3751999999999995,2.0756,11424.64,10.623400000000002,1.162,4466.4552,1.5079999999999998,16.0,50.5,32.0,98304.0,0.0,0.0,2180.0,808.0,0.019800000000000016,32.0,64.0,42.0,64.0,32.0,50.0,1.6014000000000008,1.0264000000000002,11,0x2000a0000000,0x2000c7119004,655462404,1878,1035,640128.0,0.0,0.0,0
113,13056,needle_cuda_shared_1,referrence,0,627899634.7807,938221138.6361004,10702.24,4.4144000000000005,2.0934999999999997,11398.72,10.684899999999997,1.158,4429.679300000002,1.5225999999999995,16.0,50.5,32.0,98304.0,0.0,0.0,2180.0,808.0,0.019800000000000016,32.0,64.0,42.0,64.0,32.0,50.0,1.6017000000000008,1.0263,11,0x200060000000,0x200088a59804,681940996,1954,1615,665984.0,0.0,0.0,0
114,13056,needle_cuda_shared_1,input_itemsets,1,627899634.7807,938221138.6361004,10702.24,4.4144000000000005,2.0934999999999997,11398.72,10.684899999999997,1.158,4429.679300000002,1.5225999999999995,16.0,50.5,32.0,98304.0,0.0,0.0,2180.0,808.0,0.019800000000000016,32.0,64.0,42.0,64.0,32.0,50.0,1.6017000000000008,1.0263,11,0x2000a0000000,0x2000c8a59804,681940996,1954,1075,665984.0,0.0,0.0,0
115,13312,needle_cuda_shared_1,referrence,0,629008932.9418004,939759419.7928,10746.31,4.3859,2.0835,11425.28,10.678599999999994,1.1514000000000004,4426.3674,1.5146000000000002,16.0,50.5,32.0,98304.0,0.0,0.0,2180.0,808.0,0.019800000000000016,32.0,64.0,42.0,64.0,32.0,50.0,1.6016000000000008,1.0262,11,0x200060000000,0x20008a41a004,708943876,2030,1603,692352.0,0.0,0.0,0
116,13312,needle_cuda_shared_1,input_itemsets,1,629008932.9418004,939759419.7928,10746.31,4.3859,2.0835,11425.28,10.678599999999994,1.1514000000000004,4426.3674,1.5146000000000002,16.0,50.5,32.0,98304.0,0.0,0.0,2180.0,808.0,0.019800000000000016,32.0,64.0,42.0,64.0,32.0,50.0,1.6016000000000008,1.0262,11,0x2000a0000000,0x2000ca41a004,708943876,2030,1076,692352.0,0.0,0.0,0
117,13568,needle_cuda_shared_1,referrence,0,610417484.3695997,912238344.8919998,10782.48,4.378599999999999,2.0784999999999996,11810.24,10.624299999999998,1.1619000000000002,4458.4436,1.5106,16.0,50.5,32.0,98304.0,0.0,0.0,2180.0,808.0,0.019800000000000016,32.0,64.0,42.0,64.0,32.0,50.0,1.601800000000001,1.0265,11,0x200060000000,0x20008be5a804,736471044,2110,1610,719232.0,0.0,0.0,0
118,13568,needle_cuda_shared_1,input_itemsets,1,610417484.3695997,912238344.8919998,10782.48,4.378599999999999,2.0784999999999996,11810.24,10.624299999999998,1.1619000000000002,4458.4436,1.5106,16.0,50.5,32.0,98304.0,0.0,0.0,2180.0,808.0,0.019800000000000016,32.0,64.0,42.0,64.0,32.0,50.0,1.601800000000001,1.0265,11,0x2000a0000000,0x2000cbe5a804,736471044,2110,1057,719232.0,0.0,0.0,0
119,13824,needle_cuda_shared_1,referrence,0,630491906.4837003,942166515.7922004,10772.92,4.3740000000000006,2.0778000000000003,11425.28,10.6346,1.1519,4450.735100000002,1.5098999999999996,16.0,50.5,32.0,98304.0,0.0,0.0,2180.0,808.0,0.019800000000000016,32.0,64.0,42.0,64.0,32.0,50.0,1.601800000000001,1.0264,11,0x200060000000,0x20008d91b004,764522500,2190,1649,746624.0,0.0,0.0,0
120,13824,needle_cuda_shared_1,input_itemsets,1,630491906.4837003,942166515.7922004,10772.92,4.3740000000000006,2.0778000000000003,11425.28,10.6346,1.1519,4450.735100000002,1.5098999999999996,16.0,50.5,32.0,98304.0,0.0,0.0,2180.0,808.0,0.019800000000000016,32.0,64.0,42.0,64.0,32.0,50.0,1.601800000000001,1.0264,11,0x2000a0000000,0x2000cd91b004,764522500,2190,1089,746624.0,0.0,0.0,0
121,14080,needle_cuda_shared_1,referrence,0,629246004.1478001,940416729.2248994,10761.77,4.387199999999999,2.0837,11434.24,10.6356,1.1663,4447.4149,1.5124999999999995,16.0,50.5,32.0,98304.0,0.0,0.0,2180.0,808.0,0.019800000000000016,32.0,64.0,42.0,64.0,32.0,50.0,1.6017000000000008,1.0264,11,0x200060000000,0x20008f45b804,793098244,2272,1644,774528.0,0.0,0.0,0
122,14080,needle_cuda_shared_1,input_itemsets,1,629246004.1478001,940416729.2248994,10761.77,4.387199999999999,2.0837,11434.24,10.6356,1.1663,4447.4149,1.5124999999999995,16.0,50.5,32.0,98304.0,0.0,0.0,2180.0,808.0,0.019800000000000016,32.0,64.0,42.0,64.0,32.0,50.0,1.6017000000000008,1.0264,11,0x2000a0000000,0x2000cf45b804,793098244,2272,1110,774528.0,0.0,0.0,0
123,14336,needle_cuda_shared_1,referrence,0,627222100.2386001,937855165.1003996,10728.19,4.3900999999999994,2.088199999999999,11435.2,10.670299999999996,1.1578000000000002,4432.883800000001,1.5166,16.0,50.5,32.0,98304.0,0.0,0.0,2180.0,808.0,0.019800000000000016,32.0,64.0,42.0,64.0,32.0,50.0,1.6015000000000006,1.0264,11,0x200060000000,0x20009101c004,822198276,2354,1686,802944.0,0.0,0.0,0
124,14336,needle_cuda_shared_1,input_itemsets,1,627222100.2386001,937855165.1003996,10728.19,4.3900999999999994,2.088199999999999,11435.2,10.670299999999996,1.1578000000000002,4432.883800000001,1.5166,16.0,50.5,32.0,98304.0,0.0,0.0,2180.0,808.0,0.019800000000000016,32.0,64.0,42.0,64.0,32.0,50.0,1.6015000000000006,1.0264,11,0x2000a0000000,0x2000d101c004,822198276,2354,1122,802944.0,0.0,0.0,0
125,14592,needle_cuda_shared_1,referrence,0,633809560.1991001,947172924.0873996,10821.32,4.3534000000000015,2.0683,11416.32,10.611299999999998,1.1492000000000002,4464.387,1.5019999999999996,16.0,50.5,32.0,98304.0,0.0,0.0,2180.0,808.0,0.019800000000000016,32.0,64.0,42.0,64.0,32.0,50.0,1.6016000000000006,1.0264,11,0x200060000000,0x200092c5c804,851822596,2440,1720,831872.0,0.0,0.0,0
126,14592,needle_cuda_shared_1,input_itemsets,1,633809560.1991001,947172924.0873996,10821.32,4.3534000000000015,2.0683,11416.32,10.611299999999998,1.1492000000000002,4464.387,1.5019999999999996,16.0,50.5,32.0,98304.0,0.0,0.0,2180.0,808.0,0.019800000000000016,32.0,64.0,42.0,64.0,32.0,50.0,1.6016000000000006,1.0264,11,0x2000a0000000,0x2000d2c5c804,851822596,2440,1129,831872.0,0.0,0.0,0
127,14848,needle_cuda_shared_1,referrence,0,629048824.1481003,939933956.5495003,10760.64,4.388700000000001,2.0839000000000003,11438.72,10.635600000000004,1.1496999999999995,4449.408300000001,1.5152,16.0,50.5,32.0,98304.0,0.0,0.0,2180.0,808.0,0.019800000000000016,32.0,64.0,42.0,64.0,32.0,50.0,1.6017000000000008,1.0265,11,0x200060000000,0x20009491d004,881971204,2526,1729,861312.0,0.0,0.0,0
128,14848,needle_cuda_shared_1,input_itemsets,1,629048824.1481003,939933956.5495003,10760.64,4.388700000000001,2.0839000000000003,11438.72,10.635600000000004,1.1496999999999995,4449.408300000001,1.5152,16.0,50.5,32.0,98304.0,0.0,0.0,2180.0,808.0,0.019800000000000016,32.0,64.0,42.0,64.0,32.0,50.0,1.6017000000000008,1.0265,11,0x2000a0000000,0x2000d491d004,881971204,2526,1141,861312.0,0.0,0.0,0
129,15104,needle_cuda_shared_1,referrence,0,630779391.3856999,942426862.8624,10765.12,4.379199999999998,2.0799,11411.84,10.624600000000003,1.1573999999999995,4448.1149,1.5124000000000004,16.0,50.5,32.0,98304.0,0.0,0.0,2180.0,808.0,0.019800000000000016,32.0,64.0,42.0,64.0,32.0,50.0,1.6019000000000008,1.0265,11,0x200060000000,0x20009665d804,912644100,2614,1785,891264.0,0.0,0.0,0
130,15104,needle_cuda_shared_1,input_itemsets,1,630779391.3856999,942426862.8624,10765.12,4.379199999999998,2.0799,11411.84,10.624600000000003,1.1573999999999995,4448.1149,1.5124000000000004,16.0,50.5,32.0,98304.0,0.0,0.0,2180.0,808.0,0.019800000000000016,32.0,64.0,42.0,64.0,32.0,50.0,1.6019000000000008,1.0265,11,0x2000a0000000,0x2000d665d804,912644100,2614,1166,891264.0,0.0,0.0,0
131,15360,needle_cuda_shared_1,referrence,0,629939788.6067003,941087254.1580003,10786.37,4.389500000000001,2.0781000000000005,11451.2,10.693499999999997,1.1528,4437.875299999999,1.5104999999999993,16.0,50.5,32.0,98304.0,0.0,0.0,2180.0,808.0,0.019800000000000016,32.0,64.0,42.0,64.0,32.0,50.0,1.6014000000000004,1.0264,11,0x200060000000,0x20009841e004,943841284,2702,1789,921728.0,0.0,0.0,0
132,15360,needle_cuda_shared_1,input_itemsets,1,629939788.6067003,941087254.1580003,10786.37,4.389500000000001,2.0781000000000005,11451.2,10.693499999999997,1.1528,4437.875299999999,1.5104999999999993,16.0,50.5,32.0,98304.0,0.0,0.0,2180.0,808.0,0.019800000000000016,32.0,64.0,42.0,64.0,32.0,50.0,1.6014000000000004,1.0264,11,0x2000a0000000,0x2000d841e004,943841284,2702,1211,921728.0,0.0,0.0,0
133,15616,needle_cuda_shared_1,referrence,0,635083032.9270997,949223665.6609,10860.61,4.3355999999999995,2.0623,11434.24,10.564899999999998,1.153,4483.274299999999,1.4970999999999994,16.0,50.5,32.0,98304.0,0.0,0.0,2180.0,808.0,0.019800000000000016,32.0,64.0,42.0,64.0,32.0,50.0,1.601800000000001,1.0263,11,0x200060000000,0x20009a25e804,975562756,2794,1872,952704.0,0.0,0.0,0
134,15616,needle_cuda_shared_1,input_itemsets,1,635083032.9270997,949223665.6609,10860.61,4.3355999999999995,2.0623,11434.24,10.564899999999998,1.153,4483.274299999999,1.4970999999999994,16.0,50.5,32.0,98304.0,0.0,0.0,2180.0,808.0,0.019800000000000016,32.0,64.0,42.0,64.0,32.0,50.0,1.601800000000001,1.0263,11,0x2000a0000000,0x2000da25e804,975562756,2794,1181,952704.0,0.0,0.0,0
135,15872,needle_cuda_shared_1,referrence,0,618358318.7059,923861968.4471002,10766.64,4.3796,2.0803000000000007,11642.88,10.632700000000002,1.158,4446.5736000000015,1.5126999999999995,16.0,50.5,32.0,98304.0,0.0,0.0,2180.0,808.0,0.019800000000000016,32.0,64.0,42.0,64.0,32.0,50.0,1.6018000000000012,1.0265,11,0x200060000000,0x20009c11f004,1007808516,2886,1906,984192.0,0.0,0.0,0
136,15872,needle_cuda_shared_1,input_itemsets,1,618358318.7059,923861968.4471002,10766.64,4.3796,2.0803000000000007,11642.88,10.632700000000002,1.158,4446.5736000000015,1.5126999999999995,16.0,50.5,32.0,98304.0,0.0,0.0,2180.0,808.0,0.019800000000000016,32.0,64.0,42.0,64.0,32.0,50.0,1.6018000000000012,1.0265,11,0x2000a0000000,0x2000dc11f004,1007808516,2886,1188,984192.0,0.0,0.0,0
137,16128,needle_cuda_shared_1,referrence,0,630494332.4034,941981363.2955006,10769.99,4.390900000000001,2.0809,11423.36,10.678799999999997,1.1720999999999997,4450.0975,1.5117000000000005,16.0,50.5,32.0,98304.0,0.0,0.0,2180.0,808.0,0.019800000000000016,32.0,64.0,42.0,64.0,32.0,50.0,1.6016000000000008,1.0263,11,0x200060000000,0x20009e05f804,1040578564,2980,1941,1016192.0,0.0,0.0,0
138,16128,needle_cuda_shared_1,input_itemsets,1,630494332.4034,941981363.2955006,10769.99,4.390900000000001,2.0809,11423.36,10.678799999999997,1.1720999999999997,4450.0975,1.5117000000000005,16.0,50.5,32.0,98304.0,0.0,0.0,2180.0,808.0,0.019800000000000016,32.0,64.0,42.0,64.0,32.0,50.0,1.6016000000000008,1.0263,11,0x2000a0000000,0x2000de05f804,1040578564,2980,1235,1016192.0,0.0,0.0,0
139,16384,needle_cuda_shared_1,referrence,0,623465338.6283997,931562511.5357004,10633.92,4.4377,2.1108,11406.08,10.804899999999998,1.2062,4361.9944,1.5341999999999996,16.0,50.5,32.0,98304.0,0.0,0.0,2180.0,808.0,0.019800000000000016,32.0,64.0,42.0,64.0,32.0,50.0,1.6013000000000008,1.0263,11,0x200060000000,0x2000a0020004,1073872900,3074,2387,1048768.0,0.0,0.0,0
140,16384,needle_cuda_shared_1,input_itemsets,1,623465338.6283997,931562511.5357004,10633.92,4.4377,2.1108,11406.08,10.804899999999998,1.2062,4361.9944,1.5341999999999996,16.0,50.5,32.0,98304.0,0.0,0.0,2180.0,808.0,0.019800000000000016,32.0,64.0,42.0,64.0,32.0,50.0,1.6013000000000008,1.0263,11,0x2000c0000000,0x200100020004,1073872900,3074,1552,1048768.0,0.0,0.0,0
